9255.2,5594.6,3660.5
9081.9,4700.1,4381.8
3128.6,3460,-331.39
3225.6,5606.1,-2380.4
2918.3,4780.5,-1862.1
5814.5,4181.4,1633.1
8023.3,4999.7,3023.6
7182,3234.2,3947.9
8404.9,4830.6,3574.3
5425.4,3579.2,1846.2
1345.3,2042.3,-696.98
2598.2,2979.1,-380.9
1179.9,2244.3,-1064.4
4688.3,2647.2,2041.1
8581.8,3618.1,4963.7
5310.3,1574,3736.3
1451,270.04,1180.9
93.677,2126.7,-2033.1
-1447,601.22,-2048.2
995.07,1344.1,-349.02
3317.5,569.21,2748.3
4892.3,1384.4,3507.9
5980.5,803.4,5177.1
2751,-489.77,3240.7
530.07,-367.28,897.35
-1679.4,-367.52,-1311.9
-1814.4,-784.43,-1030
2559.6,-277.45,2837.1
3691.1,-441.21,4132.3
2471.9,-2169.2,4641.1
1537.7,-1487.2,3024.9
-2691.5,-1370.9,-1320.6
-3356.9,-2528.5,-828.35
-1974.3,-652.55,-1321.8
-1655.6,-2498.1,842.53
1873.4,-1478.2,3351.6
1633.9,-2129.5,3763.4
1114.5,-959.16,2073.6
-2206,-1345.5,-860.52
-2706.6,-1818.7,-887.9
-2450.2,-827.21,-1622.9
-1479.7,-1979.4,499.63
3480.9,-373.43,3854.4
3850.1,713.01,3137
4696,569.67,4126.4
-510.4,248.38,-758.78
-1060.2,904.35,-1964.6
-13.456,1738.6,-1752.1
2448.7,1086.9,1361.8
6181.3,2442.7,3738.6
6799.4,1663.1,5136.3
5641.9,2850.1,2791.8
4407.7,1913.1,2494.6
-381.17,1311.5,-1692.7
497.5,1808.8,-1311.3
2590.4,3190.2,-599.78
7138.3,2901.9,4236.4
7333.4,3653.7,3679.7
5198.1,2757.5,2440.6
6032.6,5045.3,987.33
5120.2,4532.2,588.01
2315.8,4604.7,-2288.9
3402.3,3891.6,-489.29
7476.4,4762.1,2714.4
9026.2,4251.2,4775
9588.2,5931.5,3656.7
5590.6,3274.3,2316.3
2669.4,4403.9,-1734.5
2282.9,5058.6,-2775.7
4206.9,5755.3,-1548.5
7250.1,4750.8,2499.3
10034,4608.6,5425.4
8995.8,4564.5,4431.3
5194.1,2941.7,2252.4
3149.4,3052.3,97.156
2003.5,3779.3,-1775.8
1439.2,2644.6,-1205.4
5495.8,3207.6,2288.3
8334.2,3858.8,4475.4
8296.7,3192.4,5104.3
2778.2,1048.3,1729.9
641.06,1289.8,-648.78
-1295.5,1597,-2892.5
1473.7,2860.8,-1387.1
2786,1647.6,1138.4
4505,197.63,4307.4
5067.6,312.62,4755
3449.5,-200.71,3650.2
1373.5,-109.76,1483.2
931.35,1118.7,-187.35
-2349.4,-87.828,-2261.6
268.52,-999.41,1267.9
2004,-232.25,2236.3
4848.2,-531.06,5379.2
397.86,-2258.9,2656.7
-1665.3,-1566.4,-98.86
-1901.6,35.623,-1937.2
-2370.3,-108.53,-2261.8
-2270.4,-2161.6,-108.79
2117,-2191.6,4308.5
4573.4,-658.97,5232.3
2463.7,-1782.3,4246
80.061,-290.2,370.26
-3747.9,-1528.4,-2219.5
-3994.4,-1303.8,-2690.6
-1792.2,-1560.9,-231.22
2062.1,-1396,3458.1
3829.5,-1005.6,4835.1
3961.4,-44.119,4005.6
752.63,194.23,558.4
-1877.2,-767.69,-1109.5
-2234.1,-147.9,-2086.2
932.25,-158.73,1091
2571.5,-839.59,3411
7648,2186.2,5461.8
5068.4,1303.3,3765.1
3715.9,1145.4,2570.5
1126.5,2993.5,-1867
2308.5,2425.2,-116.64
2423.7,2101.7,322
3535.9,1982.7,1553.2
7402.6,2470,4932.6
6188,2048.5,4139.5
6643.2,3306.2,3337
3957.1,4771,-813.94
1357.4,2669.6,-1312.3
3309.1,4610.6,-1301.5
5781,4983.1,797.9
8600,5345,3255
8577.1,4637.9,3939.2
7783.2,4628.1,3155.1
3901.6,5241.4,-1339.8
2910.3,3793.1,-882.87
1500.2,3022.6,-1522.3
6379.5,3800.5,2579
8522.5,4567.6,3954.9
7913.1,3586,4327.1
7465.4,5566.7,1898.7
2720.4,3061.1,-340.61
1712.3,3391.3,-1679
4239.7,3878.2,361.48
5428.6,4246.5,1182.1
6991.5,4576.3,2415.2
9498,3759,5738.9
7181.9,4045.4,3136.5
5071,3097.7,1973.3
763.07,2598.9,-1835.9
2890.3,3261.7,-371.38
1318.6,1906.1,-587.55
2843.9,450.19,2393.7
8306.8,2983.9,5322.9
6140.9,1987,4153.9
3557.6,1195.2,2362.4
-511.01,186.61,-697.62
-528.63,696.24,-1224.9
2500.3,1362.8,1137.5
4999.6,940.28,4059.3
6408.4,784.36,5624.1
3167.4,-1726.2,4893.6
2200.7,126.74,2074
-2267.9,-1195.6,-1072.3
-4457.7,-1649.5,-2808.2
-3379.6,-2625,-754.65
435.43,-683.27,1118.7
3619.6,-368.93,3988.6
2461.9,-2809.6,5271.5
-935.52,-2255.6,1320.1
425.24,-148.71,573.94
-5203.6,-2649,-2554.6
-922.91,-59.014,-863.9
138.58,-1824.4,1963
3206.1,-121.56,3327.6
3221.7,-1812.6,5034.3
1163.5,-351.75,1515.2
-1247.1,-2178.2,931.09
-3915.5,-1817.2,-2098.2
-870.26,645.33,-1515.6
2066.1,-434.34,2500.4
5596.5,220.01,5376.5
6556.1,983.23,5572.9
5185.7,1931.1,3254.6
540.08,-502.32,1042.4
-379.96,-43.169,-336.79
589.56,271.95,317.6
3203.9,2570.2,633.69
5076.5,923.61,4152.9
5986.2,2296.8,3689.4
5943.8,3116.7,2827
5526.9,4224.1,1302.8
2649.9,3335,-685.14
782.32,2616,-1833.7
5387.1,3616,1771.1
8516.8,3790.1,4726.7
10579,5055,5524.3
7465.5,2730.8,4734.7
5364.3,5611.5,-247.17
5384.4,5495.9,-111.54
5230.4,5689.9,-459.43
6418,4957,1461
8241.7,5163.5,3078.1
7420.3,3280,4140.3
5829.5,3395.7,2433.8
6455.7,5384.1,1071.6
3379,5424.7,-2045.8
1111.5,3108.9,-1997.3
4911.5,4953.9,-42.396
7654.2,3512.2,4142
6612.7,3103.2,3509.4
9058.9,4726,4332.9
4544.4,3270.6,1273.8
2096.4,3767.5,-1671.1
-1207.4,1660.4,-2867.8
4404.8,3527.2,877.59
5991.7,4037.6,1954.1
6990.4,1928.2,5062.3
6444.1,2087.5,4356.6
3936.5,2571.8,1364.7
891.72,423.46,468.26
2038,2359.3,-321.25
229.05,307.1,-78.054
4229.6,1140.9,3088.7
4547.8,215.25,4332.5
5777.9,575.26,5202.6
1356,388.98,967
-287.2,-1160.4,873.24
-3108.7,-467.2,-2641.5
-3479.7,-1798.1,-1681.6
2702.5,256.96,2445.6
2179.7,-894.85,3074.6
4897.2,-204.22,5101.4
3900.1,84.297,3815.8
-1242.6,-531.25,-711.37
-2044.9,-1309.6,-735.32
-926.18,-377.97,-548.21
-778.94,-2193.3,1414.4
4962.3,-144.95,5107.3
3578.2,56.813,3521.4
2076.9,-81.857,2158.8
-1622.5,-2617.2,994.77
-1434.1,-841.56,-592.58
-2662.5,-1184.1,-1478.4
283.35,-2136.4,2419.8
2755.5,696.85,2058.6
4372.2,387.92,3984.3
2370.2,-1455.7,3825.9
280.87,773.23,-492.37
-2522.9,-278.09,-2244.8
-33.134,2022.5,-2055.6
1545.1,-149.03,1694.1
5861.6,1473.8,4387.8
4363.9,1359.7,3004.2
4377.5,1480.5,2897
4769.1,3168.1,1601.1
1980.8,1476.8,504.05
2741,2699.3,41.654
4784.9,4172.1,612.77
7689.8,3536.4,4153.4
5946.9,1911.8,4035.1
6284,3193.1,3090.9
6709.8,4847.4,1862.5
3043.4,3569.9,-526.52
2674.3,4803.7,-2129.4
5953.1,4921.6,1031.5
6986.8,3499,3487.8
10409,5667.5,4741.9
8262,3473,4789
6823.8,5482.2,1341.6
2670.5,4232,-1561.5
2744.5,5291.9,-2547.4
4060.6,3956,104.66
7126.2,5538.9,1587.3
9823.6,5334.7,4488.9
8153.6,3043.2,5110.5
7664.8,4550.1,3114.7
3377.7,2785.1,592.58
582.35,3380.1,-2797.8
2092,3592.4,-1500.4
4968,3374.3,1593.6
8926,3799,5126.9
7987.8,3450.3,4537.5
5134.7,3688.2,1446.6
3190,2084.8,1105.2
1037.3,1618.5,-581.13
2065.5,2966.5,-900.94
25.054,139.12,-114.06
6357.9,1247.3,5110.5
3950,245.89,3704.1
6173.3,1856.9,4316.4
1042.8,616.84,426
-2695.6,-98.166,-2597.4
-1428.9,907.54,-2336.4
776.86,245.6,531.26
3051.9,-390.4,3442.3
2097.6,-2042.6,4140.2
-514.6,-2444.5,1929.9
-792.72,-2400.7,1608
-2992.5,-1408,-1584.5
-3131.4,-2303.8,-827.59
-3152.8,-2713.2,-439.64
1456.3,-1995.1,3451.4
1929.2,-2317.8,4247
2256.7,-1978.9,4235.7
-922.28,-1297.3,375.05
264.34,12.238,252.1
-4556.6,-2123.4,-2433.2
-2504,-1492.1,-1011.8
3948.4,416.1,3532.3
4568.3,-1011.1,5579.4
3927.4,736.7,3190.7
1494.8,-521.62,2016.4
-766.15,1164.9,-1931
-2132.4,48.973,-2181.3
-21.44,-918.97,897.53
2898.7,-40.702,2939.4
5632.9,1397.4,4235.4
4453.5,733.09,3720.4
3787.6,2540.6,1247
-929.55,259.68,-1189.2
763.66,1468.9,-705.26
1543.3,2305.2,-761.93
6132.9,3153.1,2979.8
7528.4,3350.1,4178.3
5665.3,2548.4,3116.9
5486.2,4361.7,1124.5
3712.4,2455.3,1257.1
3634.8,4759.2,-1124.3
3804.7,3056,748.73
5253.9,3695.6,1558.3
7954,2615.8,5338.2
9008.7,4371.7,4637
5906.1,3873.2,2032.9
3987.4,4853.8,-866.42
3269.4,5766.6,-2497.2
4518.6,4759.8,-241.21
3935.4,3778.5,156.92
8369.1,5670,2699
7143.1,2969.1,4174
6199.7,3522.4,2677.3
5406.2,4885.3,520.9
454,2905.5,-2451.5
2452.3,4606.4,-2154.1
4285.6,3001.1,1284.5
7540.2,3327.6,4212.6
6861.6,2745.6,4116
4999.2,2103.7,2895.4
4549.3,2335.3,2214
2637.4,3050.7,-413.29
-647.75,952.4,-1600.1
2031.8,2483.5,-451.78
2618.3,932.65,1685.6
7036.8,1241.3,5795.4
4676.4,1165.3,3511.1
3576.4,1882.6,1693.9
-954.46,-125.25,-829.21
-150.66,90.119,-240.78
596.16,1403.9,-807.76
274.8,-1192.5,1467.3
1385.9,-1662.8,3048.8
2681.3,52.876,2628.5
1017.9,-1321.6,2339.5
-94.134,593.32,-687.45
-2210.4,-2003.7,-206.72
-1489.5,-1026.5,-462.94
2402.5,-1030.7,3433.2
3481.8,-1395.2,4877
3941.1,-1566.8,5507.8
-419.13,-2532,2112.9
-2743.3,-2224,-519.25
-2276.9,-815.35,-1461.6
-377.02,50.21,-427.23
649.8,-1203.2,1853
4602.1,-842.91,5445
4788,-611.77,5399.8
2306.4,347.53,1958.9
-587.17,-1246.1,658.97
-1145.6,-751.32,-394.29
-2916,-1567.9,-1348.2
-959.72,-1491.2,531.53
2720,139.52,2580.5
5955.4,775.82,5179.6
4549.4,1551.8,2997.6
1293.1,1087.4,205.72
-735.29,-243.05,-492.24
216.04,2063.9,-1847.8
1189.1,594.17,594.94
4954.8,670.04,4284.7
5209.8,839.38,4370.4
4144.7,1205.1,2939.6
1830.8,1866.7,-35.874
1654.6,2644.5,-989.93
2311.2,2581.8,-270.59
1837.1,2390.7,-553.63
6292.2,4049.5,2242.6
7147.1,2676.6,4470.5
9406.3,4705.7,4700.6
5843.2,5316.9,526.34
2393.2,4096.7,-1703.5
1440.5,4088.7,-2648.2
3285.1,4177.2,-892.05
8827.1,5616.9,3210.2
10044,4581.1,5463.3
6709.9,3374.8,3335.1
4609.3,3591.7,1017.6
1197.5,3401.2,-2203.7
2106.2,3874.3,-1768.1
4967,3792.5,1174.4
5419.6,4218.7,1200.9
6173.5,2799.8,3373.7
9372.9,4357.7,5015.2
3488.8,3092.5,396.32
3085.9,3751.8,-665.91
2355.2,2853.4,-498.19
4551.6,3602.5,949.03
4080.4,1800.6,2279.8
6604.3,1368.7,5235.6
5399.2,986.17,4413.1
6280.8,3221.5,3059.3
2058.3,2889.7,-831.35
-221.87,2449.8,-2671.7
791.93,758.22,33.707
2340.6,-264.21,2604.8
3715.9,-9.1224,3725
4730.2,837.53,3892.6
2335.4,1067.5,1267.8
397.18,716.31,-319.13
-1003.7,842.06,-1845.7
-3279.5,-1817.6,-1461.8
660.55,-2076.9,2737.4
2270,-2017.4,4287.4
2269.7,-1955.4,4225
2680.1,-648.99,3329.1
-1537.2,-2243.6,706.34
-1084.6,-1176.8,92.229
-2721,-2473.7,-247.35
494.02,-1271.7,1765.7
3088.4,-1595.2,4683.6
2755.3,-271.85,3027.1
669.68,-2823.7,3493.4
550.21,-1638.4,2188.6
-3229.7,-2125.5,-1104.2
-4770.8,-2234.7,-2536.1
1336.1,411.82,924.31
1611.1,-815.69,2426.8
4064.9,-249.05,4314
971.31,-1399.7,2371
383.17,348.19,34.978
-51.154,60.098,-111.25
-1159,939.43,-2098.4
-140.05,-504.05,364
2780.9,-202.42,2983.3
4306.4,1307.8,2998.6
7643,2676.5,4966.5
4014.5,2594.9,1419.5
3078.6,2424.3,654.33
400.39,1646.4,-1246
4357.4,3217.5,1139.9
3475.3,1687.9,1787.4
7140.1,3948.8,3191.3
6290.4,3278.2,3012.2
4356.3,3753.7,602.62
3705.2,5121.6,-1416.4
4404.7,4796.9,-392.14
6078.8,5571.9,506.99
8560.9,5071.6,3489.3
7135.5,4202.8,2932.7
7266.2,4318.4,2947.8
8257.9,4523.9,3734
3550.8,3700.7,-149.95
3676.5,4303.1,-626.57
2205.2,3374.3,-1169.1
5112.1,4443.4,668.67
7944.8,3990.8,3954.1
6944.4,2825.7,4118.7
7525.9,3611.7,3914.2
1743.6,2650,-906.36
1676.7,3998.8,-2322.1
728.47,2634.5,-1906.1
6284.8,3484.4,2800.4
7006.2,2496.5,4509.7
7073,3493.6,3579.4
6846.1,3337.1,3509.1
706.15,1078.9,-372.79
257.65,1737.4,-1479.8
845.26,599.43,245.83
1468,179.44,1288.6
3575.8,1140.5,2435.3
4763.6,-123.24,4886.8
3610.7,1225.6,2385.1
-1510.3,-1097.9,-412.46
-2974.4,-940.64,-2033.7
-332.44,839.85,-1172.3
1725,559.12,1165.9
1538.4,-1526.1,3064.5
2769.2,-863.92,3633.1
1894.9,-888.03,2783
336.86,-2053.6,2390.4
-1594.2,-19.816,-1574.4
-4144,-2011.9,-2132.1
1412.9,-79.508,1492.4
784.56,-929.6,1714.2
3775.9,-1145.4,4921.3
2012.9,-1346.4,3359.3
458.73,-625.63,1084.4
-1965.7,-2200.6,234.88
-3780.1,-2465.4,-1314.7
-1251.2,-1644.8,393.57
1263.2,-2272.2,3535.4
3329.5,-1271.8,4601.3
4283.1,697.88,3585.2
928.74,-195.74,1124.5
-184.1,-94.2,-89.896
-2450.6,-240.57,-2210
1062.3,-6.0316,1068.4
1249.8,137.24,1112.5
6922.4,1878.6,5043.9
6245,706.96,5538
4043.6,1778.3,2265.2
308.95,128.01,180.94
-915.46,836.44,-1751.9
1625.4,863.36,762.03
3437.6,1231.5,2206.1
6462.5,1688.1,4774.3
6912.5,2775.6,4136.9
3814.3,2139,1675.2
3574.9,3417,157.9
3721.2,4093.3,-372.07
4505.6,4869.4,-363.8
5907.1,4708.8,1198.3
9254.8,5544.3,3710.5
6820.4,3381.8,3438.6
7010.7,3347.8,3663
5324.1,5678.4,-354.34
4890.2,5662.6,-772.48
1891.3,4126.7,-2235.4
4672.7,3409.5,1263.2
7661.2,3400.9,4260.3
7682.7,2944.2,4738.5
9208.1,5271.6,3936.5
5907,5220.8,686.18
3551.4,5365.6,-1814.2
3675.1,3518.6,156.56
5667.3,3670.8,1996.5
7862.4,4046.4,3816
9074.1,3920.1,5154
8704.3,4600.5,4103.8
3315.6,3271.2,44.368
3102.9,3960,-857.09
3351,3696.5,-345.52
3003.8,3632.3,-628.48
4940.6,1165.4,3775.2
6446.7,2917.3,3529.4
3976.4,132.78,3843.6
3198.3,2125.7,1072.7
-1593.7,-432.04,-1161.7
1473.9,1664.7,-190.86
-892.45,614.96,-1507.4
3360.2,263.35,3096.8
3551.5,-369.73,3921.2
3936.5,-452.9,4389.4
983.73,-562.23,1546
370.55,-308.26,678.81
-1286.4,-851.28,-435.13
-2333.9,-2067.6,-266.34
-975.6,-1668.8,693.16
3237.4,-992.02,4229.4
3862,-1403.8,5265.8
27.459,-2601.5,2628.9
-1456.5,-510.54,-945.91
-2472.7,-467.13,-2005.6
-3970.8,-1974,-1996.7
-1100.9,-2402.2,1301.3
2983.6,-213.21,3196.8
1975.3,-1715.1,3690.3
988.61,-1717.6,2706.2
-761.51,218.71,-980.22
-2487.6,224.87,-2712.5
-1175.1,-1187.7,12.667
941.62,942.55,-0.93324
1926.9,-1139.6,3066.6
6644,1302.4,5341.6
4463.5,1468.4,2995.1
2451.8,626.18,1825.7
-1202.5,-74.326,-1128.2
-1284.8,68.886,-1353.7
1235.5,627.27,608.21
4648.7,2568.7,2080
7273.8,2125.3,5148.4
6553.5,2457.4,4096.1
5653.9,3960.4,1693.5
1556,2100.3,-544.25
80.903,2101.8,-2020.9
2313,3245.3,-932.25
5419.8,2794.2,2625.6
8685.3,3025.6,5659.6
7756.8,3312.5,4444.3
3783.1,3047.6,735.55
1437.6,3285.9,-1848.3
1545.1,3972.8,-2427.7
4798.3,5889.8,-1091.5
8099.2,5553.9,2545.2
8908.9,5200.7,3708.1
7930.3,4762.9,3167.4
4357.6,3678.3,679.28
2893.1,3631.1,-738
2079.9,2876.8,-796.87
4680.3,5160.1,-479.78
6058.2,4717.2,1341
7939.6,4747.4,3192.2
8503.5,3132.9,5370.6
6122.5,4443.5,1679
1973.5,3359.2,-1385.6
1571.9,1955.6,-383.7
4434.1,3984.7,449.41
4414.3,1714.8,2699.5
5779.1,1706.8,4072.3
5448.1,1428.7,4019.4
6484,2902.7,3581.3
-527.03,477.15,-1004.2
1690.8,1880.5,-189.64
2078.3,1849.1,229.13
3556.1,1383.4,2172.7
5055.6,1267,3788.6
6315,726.96,5588
5019.4,723.55,4295.9
-1853.7,-746.96,-1106.7
262.07,671.98,-409.91
-1091.1,-593.85,-497.23
1211.6,139.68,1071.9
4136.3,288.16,3848.2
5078.9,-300.93,5379.8
2010,-1570.1,3580.1
430.34,-1097.9,1528.2
-3970.1,-1394.5,-2575.7
-2673.6,-1169.4,-1504.2
-1865.3,-2471.6,606.32
2408.1,-1421.8,3829.9
3465.2,-1436.6,4901.8
4329.2,-313.62,4642.8
336.73,-1033.7,1370.5
-2832.3,-2099.5,-732.79
-2284.6,-2090.7,-193.85
937.34,-338.27,1275.6
2287.8,-1480.4,3768.2
2733.6,-574.41,3308
3422.3,550.92,2871.4
822.05,552.84,269.21
-127.98,-291.74,163.76
-394.71,1392,-1786.8
396.63,413.09,-16.454
1290.3,-104.43,1394.7
5038.7,2088.4,2950.3
7716.1,2338.9,5377.3
1494.7,713.28,781.43
3653.8,2956.2,697.62
-1010.9,1267.9,-2278.8
2470,3952.7,-1482.7
7018,4191.6,2826.4
6465.3,3471.4,2993.9
7398.9,4525,2873.9
5339.1,2566.6,2772.5
1179.4,2984.4,-1805
154.53,2681.1,-2526.6
3561.7,4749.9,-1188.2
5045.6,3668.9,1376.7
9827.9,5124.2,4703.7
9102.6,4550.9,4551.8
6572.3,3970.3,2601.9
6006.1,5763.1,242.99
2531.4,5472.2,-2940.8
3291.9,4516.1,-1224.3
4929.8,3249.4,1680.3
5683.1,3067.1,2616
8448.2,4692.8,3755.4
7845.9,4665.5,3180.4
4186.2,5314.5,-1128.3
2302.8,5075.7,-2772.9
1809.9,3192.1,-1382.2
2483.4,2326.4,157.05
5695.7,2697.7,2998
7737.2,3935.5,3801.7
5463.3,2804.9,2658.4
3609.5,2633.9,975.61
2243.2,3354.8,-1111.6
581.2,911.3,-330.11
1262.3,863.64,398.66
4526.9,486.52,4040.4
7056.9,2103.6,4953.3
5195,1502.6,3692.3
3899.9,1745,2154.9
-2190.3,-922.01,-1268.3
-390.75,733.17,-1123.9
401.81,-815.37,1217.2
2646.2,-432.19,3078.4
4459.5,-1443.1,5902.5
2297.1,-322.26,2619.3
-750.44,-1640.8,890.33
-1899.3,-720.1,-1179.2
-1877.6,-350.78,-1526.8
-3568.9,-2799,-769.95
1990.3,-83.092,2073.4
933.84,-2601.7,3535.6
11.883,-2583.9,2595.8
-587.64,-1006.8,419.12
-1620.5,-1917,296.46
-2830.1,108.01,-2938.1
216.92,-727.35,944.27
1495.1,161.15,1333.9
2541.5,-1998.7,4540.1
2342.1,-1943,4285.1
3632.1,760.02,2872.1
-338.87,358.92,-697.79
-2261,-1544.2,-716.84
-1588.9,-1044.7,-544.23
1872.3,-789.73,2662
3614.4,0.70704,3613.7
7650.6,2018.1,5632.5
3860.6,38.596,3822
1938.3,1713.7,224.58
1659.2,3039.6,-1380.3
1701.8,3488.6,-1786.8
5347.6,3541.6,1806
5729.2,1247.9,4481.3
8170.1,2591.1,5579
5421.4,2534.5,2886.9
4277.4,3100.9,1176.6
2489.6,4791,-2301.4
613.52,3097.8,-2484.3
4128,4146,-18.052
9607.5,4996.7,4610.8
10252,4866,5386.1
7876.2,5522.5,2353.6
2871.3,3069.3,-198.01
4869.8,5541.7,-671.9
1485.8,3016.6,-1530.8
7174.8,5152.5,2022.3
8269.3,5110.4,3158.9
7654.6,3456.8,4197.8
8120.8,5465.6,2655.2
3907.2,3227.5,679.72
4185.4,5370.4,-1185
735.75,3189.3,-2453.5
6168.7,4377.3,1791.4
6769.6,4049.6,2720
7742.8,2394.5,5348.3
7363.4,2565.5,4797.9
2800.6,2051.8,748.79
3646.5,3998.5,-351.97
377.88,2561.4,-2183.6
2401.1,3524.8,-1123.7
3311.4,1041.4,2270
5079.4,2042.6,3036.8
5078.7,2183.7,2895.1
2772.5,744.85,2027.6
406.24,1777.6,-1371.3
-3433.6,-514.04,-2919.6
510.04,-654.74,1164.8
2430,-483.02,2913
4626.1,-1004.4,5630.5
4662.3,-936,5598.3
3013.5,782.22,2231.3
770.29,-489.58,1259.9
-1165.8,-736.21,-429.62
-2116.1,-934.31,-1181.8
1578.8,-1574.6,3153.4
1590.1,-1240.2,2830.4
2617.3,-611.66,3229
-391.42,-1574,1182.6
-3196.7,-2734.8,-461.95
-2008.6,-186.42,-1822.2
-4823.6,-2819,-2004.6
1108.9,-939.25,2048.1
4530.1,-596.21,5126.3
1528.6,-2400.8,3929.3
3706.7,-185.17,3891.9
1390.9,393.81,997.07
-2999.4,-505.65,-2493.8
-1045,-633.9,-411.07
2779.2,603.42,2175.8
1291.7,-690.63,1982.3
4987.7,1683.2,3304.5
4880.4,1925.2,2955.2
2942.9,845.34,2097.6
2524.5,2196.3,328.25
-1745.7,500.33,-2246.1
1180.9,1511.6,-330.77
5064.9,3080.6,1984.3
7431.4,2627.7,4803.7
5585,2216.6,3368.4
4238.7,3736.2,502.43
751.26,2616.8,-1865.6
752.95,3076.3,-2323.4
4687.7,3247.5,1440.2
6315.4,3079.6,3235.8
9701.2,4911.6,4789.7
9480.9,5120.1,4360.8
4300.7,3648.4,652.32
5253,5607.1,-354.05
3437.9,3776.1,-338.17
4698.8,5717.8,-1019
6382,3459.4,2922.6
11320,5856.6,5463.5
8982.2,5630.9,3351.4
6751.4,4487.7,2263.7
2470.6,2965.6,-494.99
4681.9,5164.1,-482.23
2086.5,3801.8,-1715.3
7970.9,5138.6,2832.2
8055.6,3738.8,4316.8
8140.8,4081.9,4059
6422,3202.2,3219.8
3562.9,4020.2,-457.24
664.46,2574.5,-1910.1
4052,4229.7,-177.68
5088.4,3674.3,1414.1
6172.2,3185.3,2986.9
4541.1,1482.9,3058.3
4906.1,2923,1983
2542,1148.1,1393.9
2168.5,2135.8,32.687
957.16,1911,-953.81
2462.2,2182.5,279.78
2796.8,-947.29,3744.1
5322.3,-630.51,5952.8
3575.1,-294.69,3869.8
2665.8,721.91,1943.9
-886.38,-876.77,-9.6092
-3772.7,-1865.9,-1906.9
87.688,333.09,-245.41
1136.7,-2022.7,3159.5
2461.8,-931.59,3393.4
3783,-377.12,4160.1
-1652.7,-2116,463.28
-1289.8,-1.6245,-1288.1
-3853.8,-1668.6,-2185.2
-1026.4,-2323.4,1297
-195.98,-2425.3,2229.3
4443.9,-838.5,5282.4
2667.6,-235.43,2903.1
1186.4,-456.54,1643
-3251.8,-1857,-1394.7
-274.79,461.27,-736.06
-3116,-2195.7,-920.36
716.3,-1107.5,1823.8
3575,86.873,3488.1
1969.5,-1538.1,3507.6
96.006,-1305,1401
-1030.6,478.41,-1509
30.552,1000,-969.44
1291.2,30.035,1261.2
3695,1477.5,2217.4
6666.8,1468.3,5198.5
6730.6,1703.5,5027.1
6103.2,2546.6,3556.6
570.98,1840,-1269
818.85,2831.8,-2012.9
2538.4,2173.5,364.85
4599.7,1781.3,2818.5
9234.1,3728.9,5505.2
6553.2,2048,4505.2
6090.6,3320.7,2769.9
2073.1,2568.7,-495.65
1450,3393,-1943
2897,3299.1,-402.1
6686.1,4944.3,1741.7
8854.8,4987.6,3867.2
9965.6,5086.5,4879.1
5484.4,4067.4,1417
3957.9,4639.3,-681.34
3951,4062.9,-111.84
5078.7,5775.3,-696.55
4048.6,4223.6,-175
6177.2,3132.9,3044.3
8398.6,5282.2,3116.4
6678.8,2656.1,4022.8
4302.7,3059.1,1243.5
1456.6,2622,-1165.4
2027,2915,-888.03
2580.5,2551.3,29.202
6868,3747.8,3120.2
7766.2,3219,4547.1
8434.6,3971.9,4462.7
3234.8,1770.3,1464.5
601.69,1763.1,-1161.4
1412.7,1661.9,-249.17
3136.3,2667.7,468.53
3752.1,1372.7,2379.4
5814.7,652.08,5162.6
5600.6,467.54,5133.1
2688,1692.6,995.43
-1343.8,332.74,-1676.5
-2676.2,-484.28,-2191.9
-1487.6,-212.13,-1275.5
5030.8,862.24,4168.6
5358.1,60.991,5297.1
1957.8,-2197.4,4155.2
-55.799,-1476.9,1421.1
-613.4,-431,-182.41
-2247.2,-2244.2,-3.0857
-1386,-1860.8,474.83
-1153.1,-2318.8,1165.7
1116.2,-2987.3,4103.5
2321.1,-2421.2,4742.3
17.602,-1617.6,1635.2
44.182,-868.81,913
-2531.7,-1430.2,-1101.5
-1520.8,-2344.3,823.51
1570.9,-189.12,1760
1269.7,-2220,3489.7
3581.5,-1904.7,5486.2
1593.1,533.4,1059.7
-900.53,189.14,-1089.7
-188.9,-102.32,-86.581
351.59,455.13,-103.53
2376.7,1359.3,1017.4
4015.7,-840.51,4856.3
6318.9,967.67,5351.2
4922.3,832.39,4089.9
877.51,139.07,738.43
1394,2388,-994.01
731.42,2859.6,-2128.2
5419.8,2950.7,2469
5417.1,1428.7,3988.4
6059.2,2299,3760.2
8721.9,4173.8,4548.1
3146,3833.9,-687.85
57.887,2743.5,-2685.6
-104.9,2310.1,-2415
4080.2,3195.7,884.52
9269.8,4807.9,4461.8
8194.6,3990.1,4204.5
9341.8,5659.7,3682.1
4494.4,3149.2,1345.2
659.95,3005.9,-2346
3179.3,4835.2,-1655.9
3666,3640.1,25.901
7481.4,5242,2239.4
8355.2,5072.4,3282.8
6690.7,4084.9,2605.8
4234.8,3497.8,737.03
2683.9,4236.1,-1552.2
4754.5,4880.9,-126.39
3818.5,4651.9,-833.36
5950.3,3268.8,2681.5
6564.9,3251.6,3313.3
9944.4,4680.1,5264.3
7279.3,4169.8,3109.5
1753.3,3435.7,-1682.3
1252.9,1628.6,-375.61
-782.2,902.41,-1684.6
3643.6,683.18,2960.4
6294,923.42,5370.5
4164.4,308,3856.4
2105.7,664.85,1440.9
-125.85,1338.2,-1464
-1125.9,-669.74,-456.14
1378.6,1422.6,-43.964
2666.7,-88.418,2755.1
3505.6,-123.81,3629.4
1685.6,-1708.1,3393.7
-640.53,-1741.4,1100.9
-3465.6,-2247.4,-1218.2
-3653.8,-1689.1,-1964.6
-1759.3,-371.07,-1388.2
1594.1,43.278,1550.9
667.87,-2822.4,3490.2
3007.9,-2745.4,5753.3
919.73,-980.33,1900.1
-100.48,-1311.3,1210.8
-4609.2,-2281,-2328.2
-381.52,-276.87,-104.64
-175.47,-1508.2,1332.8
2488.7,-990.01,3478.7
2322,-1749.7,4071.7
711.97,-2152.3,2864.3
773.02,386.37,386.65
-1296,655.93,-1951.9
1157.4,949.87,207.51
115.47,-1132.2,1247.7
2825.6,-462.6,3288.2
4409.4,820.62,3588.7
1388.9,-971.78,2360.7
3280.6,998.32,2282.2
-919.38,527.78,-1447.2
-390.59,1100.1,-1490.7
-421.4,485.76,-907.16
4858.5,859.49,3999
6142.3,2357.1,3785.2
7187.3,2139.4,5047.9
2237.3,2055.7,181.62
2307,2768.4,-461.32
1602.3,2858.3,-1256
5106.1,4552.1,554.01
5452.5,3348.9,2103.6
7467.2,4503.4,2963.8
6652.1,3256.2,3395.9
6519.3,3338,3181.3
3585.1,3229.7,355.42
2657.5,4659.3,-2001.7
5198.2,4761.9,436.24
8184.2,5752.3,2431.9
8626,5871.2,2754.8
9401.5,5402.2,3999.4
5662.9,4808.4,854.56
6190.2,5582.9,607.32
4345.7,4395.7,-50.053
4123.3,4125.3,-1.9971
6034.8,3345.9,2688.9
9042.1,4730.1,4312
7783.7,4067.8,3715.8
5476,2104.7,3371.3
4502.2,3838,664.25
2903.1,4516,-1612.9
1827.3,2903.3,-1075.9
3382,2965.4,416.56
6935,3026.4,3908.6
4344.2,801.32,3542.9
4608.3,880.76,3727.5
3766.5,2685.6,1080.9
1399.8,2126.1,-726.28
1957.6,2305,-347.31
1663,113.68,1549.3
6208.7,1515.9,4692.8
5607.9,1138,4469.9
3756.4,928.23,2828.2
1700.5,-490.58,2191
-2710.4,-393.18,-2317.2
-1585.1,525.73,-2110.8
-936.18,-602.38,-333.8
1606.5,-2534.2,4140.7
1317.7,-1874.4,3192
1176,-2391.7,3567.7
712.81,-765.88,1478.7
-4234.3,-2829.7,-1404.6
-2486.2,-1680,-806.19
448.58,-958.66,1407.2
2762.3,-1327.4,4089.7
3382.9,-2405.3,5788.2
2441.5,-2612.9,5054.3
-2125.3,-2214.2,88.802
-3688.7,-1548.5,-2140.1
-65.179,281.63,-346.81
-432.05,-256.27,-175.78
701.45,-1660.9,2362.3
4186.6,365.98,3820.6
4900.4,-492.17,5392.5
3224.5,632.16,2592.3
576.12,-245.93,822.05
-732.02,673.19,-1405.2
516.39,2280.5,-1764.1
4695.6,1569.9,3125.7
6056,2516.4,3539.6
6559.2,1206.8,5352.4
5127,1715.4,3411.5
2851.7,2890.2,-38.472
2330.8,3946.1,-1615.3
3085.9,2655.5,430.38
3799,2472.4,1326.6
6729.2,3532.7,3196.4
7294.2,4260,3034.2
4903.2,3304.1,1599.1
3322.6,2946.3,376.33
3448.2,3661.5,-213.39
2780,2841.3,-61.285
6074.2,4064.4,2009.8
8444.4,4933.3,3511.1
10293,4455,5838.3
8935.9,5131.4,3804.6
3997.8,3903.1,94.741
3944,5109.7,-1165.7
3776.7,5703,-1926.3
5295.2,5014.2,281
7385.3,3210,4175.3
8641.6,4695.9,3945.7
6814.2,3691.1,3123.1
5527.4,3913.9,1613.5
1821.9,3424.5,-1602.6
3485.8,4909.8,-1424
1397.5,2158.7,-761.18
7109,3262.3,3846.7
7581.3,2733.4,4847.9
4070.4,1549.8,2520.6
2776.7,2380.3,396.39
-48.428,1488.5,-1536.9
-204.41,2593.2,-2797.6
-464.79,155.69,-620.48
3082.3,1551.9,1530.4
4236.2,1316.8,2919.4
3679.4,-625,4304.4
3948.7,1404.4,2544.3
156.52,1195,-1038.5
-1539.9,641.55,-2181.5
234.28,949.21,-714.93
2978.6,-133.97,3112.6
4105.1,716.83,3388.3
4110.6,-236.89,4347.5
-1163.5,-2425.7,1262.2
-1836.2,-2699.7,863.5
-1646.4,-340.34,-1306.1
-1151.5,-1908.3,756.79
1416.3,-2160.8,3577.1
2814,-2671,5485
1759,-2452.4,4211.4
-551,-1820.9,1269.9
-1851.9,-409.66,-1442.2
-2378.6,-558.57,-1820.1
-271.19,220.57,-491.76
2502.6,-481.35,2983.9
3815.9,-1429.8,5245.7
4694,-679.73,5373.7
1938.3,132.21,1806
779.88,898.64,-118.76
-1449.5,-1276.8,-172.71
-1569.3,-756.73,-812.55
1004.2,-180.78,1184.9
3170.5,114.8,3055.7
6818.1,1975.5,4842.6
3819.6,1679.5,2140.2
1826.5,-14.906,1841.5
1117,1768.9,-651.9
1907.4,2033.9,-126.53
2898,1961.2,936.73
8612.7,3804.5,4808.3
9807.5,4277.6,5529.9
5464.5,3214.8,2249.7
5740.1,3497.8,2242.2
2135.4,2700.7,-565.23
2732.6,4600,-1867.4
4755.5,3100.4,1655.1
8719.1,4267.2,4451.9
9564.9,4543.3,5021.6
8039.2,4160.2,3879.1
5418,5151.4,266.66
5184.7,4649.3,535.38
4860,5322.6,-462.61
6653.5,5202.5,1451.1
9200.1,5880.4,3319.8
9042.8,5230.9,3811.9
9204.4,4574.2,4630.1
5610.4,4579,1031.5
4105,4435.3,-330.33
3310.5,5404.4,-2093.9
3611.7,3679.9,-68.242
7372.2,4247.3,3124.9
7686.5,2672.9,5013.5
7905.4,4055.3,3850.1
3054.4,1986.1,1068.3
-334.26,1491.3,-1825.6
-756.76,1925.5,-2682.2
2557.9,1695.6,862.34
3356.6,976.48,2380.1
5416.7,902.79,4513.9
5678.8,2857.8,2821
3037.9,1434.7,1603.2
-563.26,771.94,-1335.2
-2703.4,-216.18,-2487.2
-227.54,1709.3,-1936.8
1233.3,681.05,552.27
3009,390.23,2618.8
2317.2,-1405,3722.3
710.02,-725.91,1435.9
1084.4,89.627,994.78
-2224.1,-2164.5,-59.665
-2044.4,-254.38,-1790.1
1407.8,-157.76,1565.5
893.43,-2567.7,3461.2
768.11,-2734.8,3502.9
-562.32,-2798.1,2235.8
-1942.9,-1634,-308.87
-333.5,-354.42,20.914
-3099.9,-1916.2,-1183.8
180.2,-1590.5,1770.7
-0.85407,-2422,2421.1
2937.3,-745.49,3682.8
3549.2,-959.33,4508.5
754.6,-227.77,982.37
-1480.9,-1840.6,359.72
-1652.5,643.53,-2296
1410.9,-449.21,1860.1
1407.7,-1289,2696.7
4168.3,-141.46,4309.8
4832.8,1518.5,3314.3
2370.8,2053.8,316.95
-412.52,-479.22,66.701
193.11,2571.4,-2378.3
3937.7,2784.5,1153.2
4559.6,2133.8,2425.8
6200.3,2050.8,4149.5
6261.8,2188.8,4073
3872.2,2311.7,1560.5
-288.42,1833.8,-2122.2
3241.4,4233.1,-991.73
2401.2,3309.8,-908.55
7266.1,4646.2,2620
8275.8,4446.5,3829.3
8379.9,4064.9,4315
7476.3,4483.2,2993.1
3365.1,3528.9,-163.79
2510.3,4603.8,-2093.5
4906.3,5508.8,-602.47
8972.5,5742.3,3230.2
11088,5848.4,5239.1
8660.7,3198.1,5462.6
9745.4,5812.7,3932.8
5150.1,4414.1,735.99
137.21,3052.3,-2915.1
3928.1,3207.9,720.18
4959.9,3509.6,1450.3
6903,2978.8,3924.2
7704.7,4507.3,3197.4
8480.5,4749.6,3730.8
5431.8,4454.9,976.85
2450.4,3690,-1239.6
3568.2,3827.8,-259.6
3238.6,1479.4,1759.2
6420.9,2481.3,3939.7
4052.3,816.49,3235.8
5640.4,2802.9,2837.5
1520.1,1117.2,402.86
1604.3,2284.5,-680.19
221.16,1692,-1470.8
1232.4,252.63,979.79
3274.2,-394.49,3668.7
3979.8,-269.87,4249.7
4383.3,-160.59,4543.9
1032.5,-187.65,1220.1
-913.92,-789.98,-123.94
-1828.9,60.144,-1889.1
-772.38,-2297.4,1525
728.4,-1415.7,2144.1
1183.7,-2118.6,3302.3
858.51,-1677.8,2536.4
-1477.4,-1891.7,414.31
-2829,-2893.5,64.542
-976.37,-932.08,-44.294
-1797.7,-982.96,-814.78
2993.1,-486.48,3479.5
1310,-1635.6,2945.6
1881.6,-970.52,2852.1
106.02,-789.9,895.92
-906.34,-1600.7,694.4
-2914,-1571.6,-1342.4
-1935,-294.63,-1640.4
1308.7,-2100.8,3409.5
6422.8,843.58,5579.2
4273.5,124.52,4149
901.67,-1113.2,2014.8
1619.4,1547.2,72.267
-1908.4,396.54,-2304.9
2130.5,2062.9,67.658
5804.1,2459.8,3344.3
3710.4,674.02,3036.4
6458.2,1719.8,4738.4
3432.4,422.69,3009.7
1581.2,1134.6,446.69
2001.6,1990.3,11.314
2379.1,3518.7,-1139.6
3214.6,2413.3,801.32
7047.9,3353.6,3694.4
6346.4,3058.9,3287.4
6886.6,4377.6,2508.9
6513.4,5271.8,1241.6
1886.2,3826.9,-1940.7
2519.9,2856.5,-336.6
4623.5,3057.5,1566
8439.8,3864.1,4575.7
8361.6,3805.9,4555.7
8633.5,5728.1,2905.3
5623.3,4513,1110.3
3831.1,4731.3,-900.24
2008.7,3117.1,-1108.3
5146.2,3704.4,1441.8
8058.3,5169.1,2889.1
7684.9,4325.9,3359
8557.7,5398.4,3159.2
6100.6,4036.4,2064.2
3650.5,3485.4,165.11
3125.5,4941.8,-1816.3
2564,3631.8,-1067.8
5946.7,4426.8,1520
9133.4,3640.4,5493
6572.7,1432.3,5140.4
3993.1,1687.7,2305.4
1793.1,1195.3,597.79
49.666,1522.1,-1472.4
1701.5,1500.6,200.93
5277,2237,3040
7537.6,1772.6,5765.1
6167.8,910.13,5257.7
926.54,448.97,477.57
-778.23,-468.05,-310.17
-347.71,459.95,-807.65
-1290.8,42.285,-1333.1
1136.7,273.19,863.47
4656.5,351.56,4304.9
499.19,-2349.5,2848.7
1543.7,-737.14,2280.9
-3222.8,-2120.8,-1102
-1792.7,-229.23,-1563.4
-242.26,-121.76,-120.5
60.172,-421.66,481.83
2207,-2877.8,5084.8
1568.2,-1416.8,2985
1183.5,-1884.6,3068.1
-2601.8,-2717,115.17
-3314,-2107.9,-1206.1
-2281.1,-2575.5,294.45
-1431.9,-1934.3,502.32
3208.1,325.73,2882.4
3461.5,109.25,3352.3
1953.1,-2006.5,3959.6
2146.7,992.72,1154
949.93,1104.4,-154.44
-3392,-1307.1,-2084.9
628.7,-202.62,831.32
5117.8,1222.7,3895.1
4227.7,-560.05,4787.7
3054.4,352.39,2702
2488.7,825.09,1663.6
1149.9,2689.9,-1540.1
2245.8,2034.2,211.52
894.07,1091.8,-197.77
5478.1,1433.3,4044.8
8013.8,2490.1,5523.7
5494.5,2004.1,3490.4
6331.4,4595.7,1735.7
2272.5,2372.4,-99.897
699.73,2869.2,-2169.4
3529.1,2449.7,1079.4
9339,5204.4,4134.7
10749,4834.8,5914.4
8413,3400.7,5012.4
5496.4,3902,1594.4
2496.8,4735.3,-2238.4
1907.3,4823.9,-2916.6
1963.1,3197.2,-1234.1
6898.2,3516.7,3381.5
7952.3,3467.8,4484.6
10191,5451.2,4739.7
5683.2,4529.2,1154.1
1334.7,3280.1,-1945.4
1923.3,4561.2,-2637.9
2728.7,2671.2,57.591
2897.4,2201.9,695.51
9163.1,3672,5491.1
8591,2836.1,5754.9
4806.7,2826.8,1980
3111.2,2103.6,1007.7
1322.5,2537.9,-1215.4
1914.4,1539.5,374.9
2207,491.58,1715.4
5619.3,2968.4,2650.9
5660.9,1394.4,4266.5
2456.6,292.45,2164.1
3391.8,2006,1385.8
-790.31,-560.73,-229.58
-20.618,409.79,-430.41
-308.58,-929.13,620.55
4151.5,1215.5,2936
5540.2,927.85,4612.3
2087.2,-641.87,2729.1
-530.39,-1805.6,1275.3
-1979.5,-344.87,-1634.6
-2157.2,-355.36,-1801.8
-771.86,-1310.9,539.05
4419.6,-341.47,4761
3706,-414.94,4121
2050.8,-1264.4,3315.2
-551.57,-649.02,97.453
-2628.4,-1567.3,-1061.1
-2770.1,-631.27,-2138.8
-211.43,-219.71,8.2861
3290,43.913,3246.1
2180.8,-2324,4504.9
2943.8,-707.2,3651
2316.2,-183.25,2499.5
-1945.8,-1683.4,-262.45
-924.06,-728.73,-195.33
206.52,-969.74,1176.3
2351.5,-307.03,2658.5
4290.2,669.7,3620.5
2251.4,-354.04,2605.4
2774,1770.4,1003.6
120.81,1037,-916.23
838.72,2445.1,-1606.4
2746.7,1387.9,1358.9
5130,1391.7,3738.2
7225.8,2632.6,4593.2
7463.5,3097.8,4365.7
4693.8,3820,873.78
804.24,1539.4,-735.18
3777.5,3948.8,-171.25
1083,2333.7,-1250.7
5639.9,4544.1,1095.8
6311.1,2631.3,3679.8
8539,3896.5,4642.5
7311,5094.5,2216.5
4070.6,4445.2,-374.62
1522.8,3645.5,-2122.7
4528.2,3989.8,538.43
6814.2,4564.2,2250
8554.8,5807.9,2746.9
7002.3,3848.8,3153.5
6206.4,4897.3,1309.1
4515.4,3043.7,1471.7
3324,5128.7,-1804.7
2162.7,3320.6,-1157.9
5706.8,4164.1,1542.7
7011.5,4264.7,2746.8
6080.1,3037.2,3042.9
7169.8,3588.3,3581.5
5134.8,4684.6,450.21
596.85,2785.2,-2188.4
-393.27,1648,-2041.3
4537.1,3023.9,1513.3
5612.2,1462.8,4149.3
7192.2,2562.2,4630
4957.9,1460.8,3497.1
2850.6,2182.1,668.56
-960.7,-8.544,-952.16
-76.296,526.05,-602.35
1046.4,1107,-60.543
5894.1,1946.6,3947.5
3302.1,100.54,3201.6
2861,-753.8,3614.8
-609.85,-1639,1029.2
41.18,-277.77,318.95
-3666.1,-2038.9,-1627.3
1988.9,452.77,1536.1
1305.3,-1162.5,2467.8
3569.9,-56.586,3626.5
5059.2,-2.102,5061.3
868.11,-831.63,1699.7
-2766.9,-1871.9,-894.97
-1903.2,-580.11,-1323.1
-2161.1,-1271.2,-889.95
717.88,-947.46,1665.3
2202.2,-1202.8,3405
4230.1,-158.52,4388.7
3005,-100.67,3105.7
-635.2,-1312,676.84
-3064.1,-1996,-1068
-388.03,-1398,1009.9
1327.7,-2128,3455.6
2678.4,-1976.1,4654.6
5795,632.32,5162.7
1203.7,-815.48,2019.2
1859.5,1083.4,776.11
-1467.3,1363,-2830.3
-1313.2,-149.43,-1163.8
2192.7,986.86,1205.9
5126,2342.5,2783.6
7817.7,1951.8,5866
3577.3,1000.9,2576.5
3549.1,3553.4,-4.3359
1976.6,2518.7,-542.11
2513.8,3676.9,-1163.1
5351.9,3874.2,1477.7
7427.7,3333.9,4093.8
6264.9,3182,3082.9
5859.2,2983.6,2875.6
6721.1,4706.2,2014.9
4459.3,5435.7,-976.4
4280.7,4143.9,136.87
5495.3,3317.2,2178.1
8592.2,4470,4122.2
8284.9,3669.1,4615.8
8591.5,4148.2,4443.3
3164.1,3617.5,-453.46
5002.3,5352.7,-350.41
1877.2,4386,-2508.8
3471,4330.2,-859.12
7078.6,4984.7,2093.9
7491.1,3108,4383.1
7719.6,5446.1,2273.6
7118,4644.9,2473.1
3167.7,4121.3,-953.61
1278.3,3755.3,-2476.9
1917.6,2540.3,-622.73
5645.9,4282.4,1363.6
6421.7,2925,3496.8
6260.4,2382.2,3878.1
4853.1,3185.7,1667.4
1611.6,2677.3,-1065.7
1613,3277.1,-1664.1
1099.9,1803,-703.1
2757,210.94,2546.1
5581.1,-145.68,5726.8
4529,-302.2,4831.2
865.4,-883.23,1748.6
-324.26,-213.87,-110.39
-1264.2,592.83,-1857
-1530.7,-651.42,-879.29
-201.54,-1927,1725.5
2585.9,-2216.4,4802.3
3466,-443.4,3909.4
2604.3,-311.02,2915.3
-1449.9,-2500.5,1050.6
-4395.1,-1795.9,-2599.2
-3150.6,-1406.9,-1743.7
896.57,-2023.4,2919.9
4309.7,-976.24,5286
3115.9,-574.06,3689.9
1293.8,-948.87,2242.7
1211.1,-141.34,1352.4
-1409.9,-944.67,-465.23
-2435.7,-1045.2,-1390.4
1100.8,330.03,770.72
577.34,-2332.9,2910.3
1694.6,-2073.9,3768.5
5444.9,742.86,4702
-1376.2,-717.43,-658.81
-360.78,346.43,-707.21
-1439.3,-251.82,-1187.5
1409.2,1767.5,-358.34
4745.4,1559.5,3185.9
5208.1,55.605,5152.5
5747.1,844.87,4902.2
2153.9,986.77,1167.1
2785.4,2534.7,250.68
665.35,536.73,128.62
3437,3107,330.02
3660.9,1090.6,2570.4
4530.5,1305.8,3224.6
7664.8,2843.7,4821.1
5458.1,4251.6,1206.5
4288.7,4349.3,-60.524
3698.1,4976.7,-1278.6
2966,2955.7,10.337
7035.8,5104.5,1931.3
6693.9,3426.4,3267.5
5708.6,2956.9,2751.7
8668.9,5778.1,2890.7
2077.5,3137.4,-1059.9
2701.6,3672.2,-970.6
1666.2,3099.1,-1432.8
5900.4,3373,2527.4
8059.5,4992.7,3066.7
6429.6,2974.5,3455.1
7329.9,5356.6,1973.2
3905.4,3534.1,371.31
3430.2,3816.1,-385.87
4751.4,4350.1,401.3
6057.6,4973.8,1083.8
6462.3,2885.4,3576.9
10423,4690.2,5732.6
5895.9,3893.6,2002.3
578.96,1566.2,-987.2
869.84,1584.1,-714.27
-111.99,1349.3,-1461.3
1787.6,799.94,987.67
5267.1,2951.7,2315.4
4723.7,84.853,4638.9
5168,2387.8,2780.2
-871.35,-254.97,-616.38
-574.49,166.58,-741.07
-1369.1,-464.48,-904.57
646.99,267.27,379.71
3288.5,62.475,3226
2751.6,-977,3728.6
3745.2,223.9,3521.3
-2822.1,-2247.4,-574.7
-2561,-1659.8,-901.23
-2416.9,184.55,-2601.4
1600.1,-224.04,1824.2
4.0583,-2773.3,2777.3
3306.5,-22.905,3329.4
2071.7,-1777.9,3849.6
85.506,-1451.5,1537
-976.93,-801.17,-175.76
-1960.3,-1308.8,-651.43
1280.5,35.105,1245.4
2134.8,-1231.8,3366.6
4870.9,-806.03,5676.9
2558.4,-1591,4149.4
2739.9,498.32,2241.6
233.09,383.29,-150.2
-2643.9,-1760.6,-883.25
1275.4,-7.29,1282.6
4952.1,974.2,3977.9
4198.6,370.91,3827.7
3996,1157.2,2838.8
4206.7,1369.8,2836.9
-194.82,-220.93,26.114
-887.12,1589.7,-2476.8
2315.1,2672.2,-357.07
4763.5,1245,3518.5
5104.4,1996.6,3107.8
6189.8,1475.6,4714.2
4737.4,3359.9,1377.5
2700,2541.2,158.72
3326.4,4454.4,-1128
2874,3644.5,-770.48
5382.1,3085.3,2296.9
6692.2,2849.2,3843.1
8059.2,2633.5,5425.7
7599.7,4317.4,3282.3
3383.1,3488.4,-105.23
3486,4559.8,-1073.8
2577.6,3006.1,-428.48
8243.5,5646,2597.5
8766.1,3517.1,5249
10306,5162.3,5144
6360.5,3337,3023.5
3475.7,4366.8,-891.19
2588.5,5093.8,-2505.3
4373.3,4370.2,3.1499
6851.5,4554.1,2297.4
9389,5376.7,4012.2
7452.2,3067.2,4385
8748.3,4037.4,4710.9
3755,4183.1,-428.13
2757.8,4278.8,-1520.9
795.47,3495,-2699.5
5085,4136.8,948.14
4374.2,976.31,3397.9
3960.4,936.21,3024.2
6008.5,2121.9,3886.7
1943.6,1149.7,793.92
-730.69,1676,-2406.7
2.4277,-52.92,55.348
246.71,1041.2,-794.48
4642,1629.2,3012.9
4672.3,-845.29,5517.6
4022.4,-397.85,4420.3
-1256.1,-1460.2,204.07
-2327.8,-1402.2,-925.59
-1962.8,-318.05,-1644.8
1200.5,437.01,763.52
3712,-294.04,4006
954.53,-2636.5,3591.1
3834.2,-1412,5246.2
-576.55,-1209.1,632.59
-2833.3,-1856.1,-977.21
-3717.2,-2906.8,-810.34
-1340.4,-983.3,-357.05
1316.7,-958.56,2275.2
1517.6,-1819.7,3337.3
1540.9,-1590.1,3131
1108.1,-1207.2,2315.3
-1581.4,-2538,956.61
-2923.2,-1863.4,-1059.8
-1916.7,-1120.6,-796.09
-1125.5,-1790.4,664.86
3833,945.42,2887.5
6580.3,742.99,5837.3
5353.9,1216.6,4137.3
1252.7,1297.3,-44.583
-528.68,122.96,-651.64
-378.37,338.84,-717.22
1698.1,-439.3,2137.4
7239.6,2088,5151.6
4197.5,1102.7,3094.8
3538.7,922.23,2616.5
3130.2,2675.2,454.98
-765.4,1516.9,-2282.3
-56.791,1481,-1537.8
6378.7,4229.7,2149
6365.3,4211,2154.3
7740.4,4462.5,3277.9
4960.6,2463.8,2496.8
4211.3,2968.2,1243.1
3158.6,4986.2,-1827.6
4493.5,5025.1,-531.58
3588,3562.5,25.518
7705,3771,3933.9
7797.3,4058.2,3739.1
8402.2,4225.1,4177.1
3370,3194.3,175.66
6220.8,5838.3,382.52
3776.7,5341.3,-1564.6
4696.2,4874.4,-178.17
7576,5765.4,1810.6
7537.2,3128.1,4409.1
7925,4155.5,3769.5
4417,4052.4,364.64
3142.1,2679.7,462.36
3773,4023.4,-250.45
3857.4,3101.4,756.05
6085.4,3726.3,2359.1
8677.6,3494.1,5183.5
7307,2058.1,5248.9
5949.5,3383.5,2566.1
1215,2925.1,-1710.1
668.83,3295.4,-2626.6
1260.2,1889.4,-629.2
3785.1,867.43,2917.7
4341.8,-57.608,4399.4
6345.3,2141.5,4203.9
2089.2,1064.3,1024.9
-83.485,985.76,-1069.2
-1210.8,-1029.8,-181.01
-1489.1,-1074.3,-414.83
2405.3,699.54,1705.7
3067.9,-12.745,3080.6
5992.3,229.3,5763
618.37,-1750.9,2369.2
-30.658,-135.31,104.65
-729.84,-318.61,-411.23
-313.7,-252.96,-60.737
-1669,-2792.7,1123.7
1813.5,-2237,4050.5
5406.1,-438.44,5844.6
3486.6,-123.96,3610.6
-2656.6,-2544.6,-111.99
-2580.6,-1967.3,-613.3
-3574.1,-2619.3,-954.81
1320.7,-1016.1,2336.8
1595.8,-1202.3,2798.1
2734.3,-1756.7,4491
1235.9,-1547,2782.9
-1999.3,-1685.1,-314.21
-4000.9,-1719.3,-2281.6
-3507.2,-933.48,-2573.7
2743.7,710.47,2033.3
4185.8,805.9,3379.9
7455.6,2116.6,5339
6281.3,1487.7,4793.7
3523.6,1195.7,2327.9
1666.5,1261.2,405.32
-2369,438.4,-2807.4
446.28,1339.8,-893.49
5707.8,2290.9,3416.9
7753.8,2242.4,5511.4
5471.4,1896.9,3574.5
2862.1,1980.8,881.29
1523.4,1950.7,-427.26
1634.2,4539.2,-2904.9
1697.1,3214.8,-1517.7
8314.7,4634.8,3679.9
7951.1,3976.1,3975
8663.7,3655.2,5008.6
4992.7,3649.9,1342.8
3717,3760.8,-43.811
2881.6,3201.6,-319.92
5307.7,5376,-68.227
7169.4,3893,3276.3
8695.2,3108.6,5586.6
7167.2,3905.4,3261.8
6459.5,5398.2,1061.3
4336.8,3155.6,1181.2
970.36,3493.7,-2523.4
2037.5,4000,-1962.5
6113.3,3846.3,2267
7323.4,4413,2910.4
5396.8,1995,3401.8
6887.3,4107.9,2779.4
5762.2,4126.1,1636.1
2689.1,3352,-662.92
706.82,1161.1,-454.27
853.5,908.53,-55.026
4200.8,1150.6,3050.2
6894.2,1098.3,5795.9
5901.7,1654.9,4246.9
3772.1,1947,1825
477.2,1468.5,-991.32
-1218.3,963.18,-2181.5
-72.862,46.631,-119.49
3628.9,-456.94,4085.9
5619.1,-215.36,5834.5
3664.9,-290.76,3955.7
-930.91,-2091.5,1160.6
-476.53,312.88,-789.41
-3268.9,-1149.7,-2119.2
-1065.6,-2506.4,1440.8
2085.2,-1804.2,3889.4
3438.6,-1290.9,4729.4
2411.1,-1152.3,3563.3
897.3,-665.43,1562.7
-2319,-1013,-1306
-948.04,-1005.4,57.367
-1465.4,-1187.8,-277.55
2096.2,-1981.8,4077.9
2541.3,-409.76,2951
3773.5,-1050.1,4823.6
566.58,-1053.3,1619.9
-2139.3,-1922.6,-216.73
-1622.2,424.25,-2046.4
-362.77,-1424.5,1061.8
2122.2,636.81,1485.4
2590.3,-1276.8,3867.2
4733.5,1124.7,3608.8
944.34,150.63,793.71
750.74,751.9,-1.1538
-693.29,-203.42,-489.87
570.75,812.7,-241.95
3979.4,2451.2,1528.2
6258.6,3273.8,2984.8
6213.5,3029.8,3183.7
5470.2,1476.7,3993.5
2472.1,2342,130.07
1533.6,4230.8,-2697.3
701.45,2209.7,-1508.2
5239.2,4556.8,682.37
6925,3637,3288
10812,5164.1,5648.3
7134.9,4170.8,2964.2
3606.8,4268.7,-661.88
2888.4,5324.7,-2436.3
1110.3,3426.7,-2316.4
6011.2,3779.9,2231.3
8465.5,3457.8,5007.7
11131,5352.2,5778.3
7784.7,4825,2959.7
6757.1,4835.4,1921.7
3791.4,5068,-1276.5
1845.4,3135.5,-1290.1
5374.7,5584,-209.29
4932.1,2893.6,2038.5
9956.5,5061.1,4895.4
5372.8,2408.4,2964.4
5583.1,4588.7,994.34
1644.7,3559.1,-1914.5
1209.3,4049.9,-2840.6
4713.8,3402.1,1311.7
6444.5,3874.5,2570.1
4301.4,1305,2996.4
5115.6,672.56,4443.1
1054.6,418.51,636.13
2509.8,2766.8,-256.99
292.28,2497.9,-2205.6
1487.8,2121.1,-633.32
2626.9,1113,1513.8
3093.4,-796.34,3889.8
5269.2,479.24,4789.9
2552.2,-481.34,3033.6
253.17,181.99,71.186
-3716.2,-1462,-2254.2
257.87,662.02,-404.14
1355.8,-2188.7,3544.5
4378.6,-184.43,4563
2784.6,-703.79,3488.4
964.66,-1673.9,2638.5
65.74,-257.87,323.61
-3615,-1832,-1783
-3136.6,-1661.1,-1475.5
917.16,-375.62,1292.8
4303.9,-304.85,4608.7
2469,-2277.5,4746.4
1433.2,-428.52,1861.7
-1938.4,-631.99,-1306.4
-2062.4,-711.97,-1350.4
-2992.7,-1201.8,-1790.9
-247.86,-1799.7,1551.9
3015.1,-1900.6,4915.7
3703.7,-1087.1,4790.8
1202.1,-1073.1,2275.2
911.74,-565.37,1477.1
-591.98,1782.4,-2374.4
-759.42,1007,-1766.4
2893.7,1280.9,1612.7
3200.5,486.91,2713.6
7845.9,2372.4,5473.5
3091,333.38,2757.6
1696.2,949.39,746.78
2373.6,2784.1,-410.45
3309.9,3824.5,-514.6
3663.1,2532.6,1130.5
6406.6,3923.4,2483.2
9710.7,4516.1,5194.6
5392,2293.4,3098.7
3888.8,3318.8,569.95
3198.1,5328.4,-2130.3
1437.4,4272.5,-2835
6901.3,5269.8,1631.5
9520.4,5383.2,4137.2
9165.8,5081.2,4084.6
10248,5803.2,4444.7
7149.4,5085.1,2064.3
1302.4,3199.6,-1897.2
1491.7,3844.6,-2352.9
4734.5,3516.1,1218.5
7051.6,3320.8,3730.8
7604.9,3635.8,3969.1
6707.2,3394.4,3312.8
5362.6,3122.3,2240.2
3746,3880.7,-134.64
136.01,3074.2,-2938.2
3402.9,2755.7,647.13
4144.2,1904.5,2239.7
9504,4088.8,5415.2
4689.3,1592,3097.3
6561.6,2913.3,3648.3
1718.3,645.57,1072.7
328.76,3033.3,-2704.6
718.17,1576.5,-858.35
3884.9,2611.2,1273.7
4601.4,-430.68,5032
7052.9,1333.9,5719
4669.1,1307.3,3361.8
1343.3,669.3,673.98
-889.55,117.45,-1007
-1634.3,-220.61,-1413.7
1338,-777.69,2115.7
2158.5,-572.85,2731.3
3685.2,-1556.4,5241.6
-278.57,-2073.2,1794.7
1848.5,-30.596,1879.1
-3227.4,-2229.4,-998.05
-1471,-1576.4,105.43
-1742.4,-1859.7,117.24
4605.6,-344.58,4950.2
3126.2,-596.25,3722.4
-458.98,-2967.9,2508.9
-623.6,-1176.3,552.73
-1986.9,-1657.8,-329.15
-2930.1,-2692.9,-237.16
-985,-1371.5,386.52
1599.7,-1288.3,2888
5592.8,291.57,5301.2
1374.8,-1500.4,2875.2
3272.3,946.84,2325.4
-654.64,-226.66,-427.97
992.55,944.92,47.632
-1306.9,-658.7,-648.24
1563.8,-432.52,1996.3
5794.1,1931.4,3862.7
6374.1,1736.2,4637.8
3293.7,2076.4,1217.4
890.91,1313.8,-422.85
732.75,2549,-1816.2
2016.1,1912.3,103.78
6042.6,3893.8,2148.7
7625.1,2815.2,4809.8
5363.1,2722.6,2640.5
4842.5,1904.9,2937.6
3543.3,4454.6,-911.29
3245.6,4098.4,-852.81
4429.4,3417.6,1011.8
6726.8,4584,2142.8
8107.6,3452.7,4655
7246.8,3190.5,4056.3
7191.8,3769.3,3422.5
3574.4,3264.8,309.68
4456.9,5926.7,-1469.7
4385.4,5431.1,-1045.7
6691.3,4397,2294.2
6856.6,4103.5,2753.1
8018.3,4981.8,3036.5
6978.7,3135.3,3843.4
3435.4,2797.6,637.79
2092.3,3177.2,-1084.9
2078.7,3214.9,-1136.2
6573.1,5209.6,1363.6
5376.7,2670.5,2706.2
5246.9,1996.1,3250.8
5494.8,1862.6,3632.2
1900.1,2432.8,-532.76
2389.2,3604.8,-1215.6
-1681.5,920.69,-2602.2
1701.3,957.26,744.01
3446.6,838.18,2608.4
7828.1,2848.4,4979.7
6105.7,2705.4,3400.3
3499.1,2286.7,1212.4
-1.5581,2038.7,-2040.3
-2794.8,-426.45,-2368.4
-1417.3,-582.66,-834.6
3985.3,-458.35,4443.6
5851.7,786.5,5065.2
4659.4,822.25,3837.2
321.6,-359.51,681.11
-3900.4,-1592.2,-2308.2
-2644.9,-2303.9,-340.93
-1583.9,-2108.2,524.28
750.93,-592.33,1343.3
4846.9,-860.94,5707.8
1076.3,-1374.9,2451.3
1622,-481.79,2103.8
-1424.6,-1599.6,174.99
-3405.4,-2009.2,-1396.2
-1896.8,-1165.9,-730.85
1879.5,-934.47,2814
1365.2,-2700.8,4066
1749.6,-2518.7,4268.3
-1179.5,-2315.9,1136.4
-1796.1,-2119.8,323.72
-4269,-1907.5,-2361.4
-634.92,981.56,-1616.5
1806.7,-1437.4,3244.1
5011.5,-80.277,5091.8
7117.5,1676.2,5441.3
1799.9,597.71,1202.2
478.94,-24.826,503.77
153.99,2617.9,-2463.9
3115.6,2813.9,301.77
4562,2206,2355.9
5441,696.92,4744.1
6580.1,1379.1,5201
2618.7,1151.4,1467.3
3364.5,2792.3,572.15
4171,4375.4,-204.44
2600.8,3493.9,-893.08
4604.4,3300.2,1304.2
6925.8,3990.9,2934.9
8906.8,3012.2,5894.6
7925.1,4549,3376.1
5651.1,3643.1,2008
2037.7,4690.5,-2652.8
1867.3,3946.6,-2079.3
4366.3,3403.9,962.42
7046.2,3239.8,3806.4
9238.3,5216.4,4022
9386.8,5499.3,3887.5
4594.3,4050.1,544.23
3206.2,3263.3,-57.104
1834.4,3011,-1176.6
6401.6,5351.8,1049.7
5578.1,3240,2338.1
8009.2,4675.2,3334
5993.5,3651.7,2341.8
6902.7,4377.2,2525.5
2556.7,2693.6,-136.9
2545.6,3057.8,-512.19
3702.1,3703.9,-1.8725
4725.2,3272.7,1452.5
6691,3337.2,3353.8
5337.8,2135.3,3202.5
3067,2581.7,485.35
3176.5,2761.9,414.64
-643.84,1868.1,-2512
-272.57,-461.84,189.28
2101.2,-349.39,2450.5
4392.4,1054.4,3338
3828.8,-1111.2,4940
3724.7,1250.1,2474.6
-988,413.5,-1401.5
-768.23,867,-1635.2
-1276.3,-1354.7,78.465
1058,-274.84,1332.9
4287.8,-178.45,4466.3
4138.1,-1503.7,5641.9
1190.9,-1510.6,2701.5
-657.78,-1197.3,539.57
-716.59,-687.22,-29.369
-686.41,-1141.4,455
0.088854,-2050.3,2050.4
4765.3,-559.69,5325
2799.1,-618.35,3417.4
796.77,-2088.6,2885.4
-510.41,-1196.1,685.69
-2628.1,-2146.1,-482
-3270.1,-2043.7,-1226.4
-391.43,-274.94,-116.49
1837.5,-1841.3,3678.8
2148.3,-1242.1,3390.4
3725.4,936,2789.4
1672.8,416.04,1256.7
-1444.7,917.65,-2362.4
1729,2047.5,-318.5
1332.1,1843.4,-511.33
6238,1959.8,4278.2
7983.1,2384.1,5599
3676.2,1092.6,2583.6
3155.5,1789.4,1366.1
2061.4,1646,415.33
-962.98,1737.9,-2700.9
1589,2205.1,-616.09
5830.7,3650.9,2179.8
7842.2,3133.3,4708.9
8001.6,3723.9,4277.8
4942.3,2844.2,2098.1
3407,4249.3,-842.31
3942.5,4941.8,-999.3
1616.6,2893.2,-1276.6
7532.3,5785.1,1747.2
9888.2,4767,5121.2
9307,5884.1,3422.9
8118.7,5557.2,2561.4
3575.5,3117,458.57
1622.8,4314.5,-2691.7
3977.7,3900.4,77.333
6285.1,3322.4,2962.7
9824.6,5380.9,4443.8
7088.6,3692.2,3396.3
7115.5,3688.8,3426.7
6101.4,5054.2,1047.2
1878.5,3326.3,-1447.9
3452,3348.6,103.44
7200.5,4381.1,2819.4
6677.6,3521.1,3156.4
6345.1,3185.5,3159.5
6185.7,3266.1,2919.6
1680.1,3095.4,-1415.3
-1495.9,1345.6,-2841.5
-1801.3,138.83,-1940.1
5064.6,2570.4,2494.2
3304.8,-160.66,3465.5
5490.3,1862.8,3627.5
4392.5,1872.8,2519.8
721.73,1332.8,-611.1
-29.286,509.08,-538.37
-1607.8,-81.1,-1526.7
-17.171,-617,599.83
3062,-1185.2,4247.3
2651.2,-2096,4747.2
2547.8,-1528.8,4076.6
189,-121.07,310.07
-4707.5,-2537.9,-2169.6
-3440.6,-2456.1,-984.55
-1359.6,-2081.6,721.95
2541.9,-500.84,3042.8
2611.5,-1335.6,3947.1
2932.9,-2027.3,4960.2
-226.48,-611.28,384.8
-1092.3,-253.82,-838.44
-2877.3,-1083.8,-1793.5
-1162.2,-1003.2,-159.01
1069.9,-411.15,1481
3566.7,-1385.9,4952.6
5577.6,612.78,4964.8
-386.92,-1646.3,1259.3
865.4,603.28,262.11
-657.06,-554.54,-102.52
-1268.2,-951.79,-316.41
2326.8,613.26,1713.6
4576.4,1186.4,3390
4803.4,1349.7,3453.7
4978.2,2046.6,2931.6
88.875,561.27,-472.39
2165,2674.2,-509.21
1498.3,2948.1,-1449.8
6058.4,3470.7,2587.7
7209.9,2799.8,4410.1
6712,3209.3,3502.7
3224.3,2457.7,766.66
2493.6,3382.6,-889.07
4550.8,5080,-529.17
3319.6,2701.1,618.53
6804.8,3460.7,3344.1
5210.5,2663.4,2547.1
10234,5175.3,5058.5
6408.9,5028.9,1380
5802.3,5325.7,476.58
3647.3,4173.8,-526.59
5616.7,5455.8,160.93
6744.8,5072,1672.8
8785,5712.7,3072.3
10142,4836.1,5306.2
6796,4814.4,1981.6
2515.2,2764.9,-249.75
2357.9,5185.2,-2827.3
1645.7,3005.6,-1359.9
2726.1,3060.3,-334.21
7203.7,2614.9,4588.7
7088.3,3477.2,3611
7562.6,3184.2,4378.4
2951.2,3486.7,-535.44
1456.8,3481.3,-2024.5
-970.33,1627.7,-2598
4793.3,3332.3,1460.9
5108.1,1290.4,3817.7
6302.1,555.27,5746.9
5247.7,430.01,4817.7
1975,-118.1,2093.1
1407.8,912.27,495.53
378.98,846.54,-467.56
-779.75,-591.4,-188.35
1654.9,185.56,1469.4
4398,-735.59,5133.6
3892.9,124.67,3768.3
14.285,-1225.8,1240
-667.45,-977.02,309.57
-4682.7,-1896.8,-2786
-1778.8,-1429.5,-349.36
518.9,-947.84,1466.7
343.2,-2625,2968.1
2152.8,-2511.1,4663.9
643.89,-2543.6,3187.5
-3582.1,-2732.9,-849.2
-3214.3,-945.84,-2268.5
-377.9,-1275.2,897.3
2333.2,-444.13,2777.3
3802.7,-1564.4,5367.1
4670.6,-920.8,5591.4
1952,-1682.4,3634.3
783.85,-510.43,1294.3
-1199.4,597.43,-1796.8
-354.29,-219.32,-134.98
4004.2,1245.2,2759
2935.1,-1416.9,4352
5144.8,163.85,4980.9
3212.7,556.26,2656.4
1621,1458.8,162.22
1077,1665.9,-588.87
604.46,2853.6,-2249.1
3571.7,964.38,2607.3
6537,2092.4,4444.6
5704.6,893.54,4811.1
5539,1741.6,3797.4
2707.4,2863.7,-156.39
762.19,2963.3,-2201.1
2020.7,2651.2,-630.49
4687.3,2383,2304.4
7579.9,3191.4,4388.5
8918.2,4868,4050.2
7066.7,4405.7,2661
4991.6,3396.4,1595.2
3716.8,4212.9,-496.04
5660.5,5851,-190.54
7020.5,5120.4,1900.1
5546.4,3071,2475.4
9706.8,4657.9,5048.9
8898.1,4905.7,3992.4
4045.1,4087.3,-42.212
1754.4,3655.2,-1900.8
2594.4,4476.3,-1881.9
4666.8,4952.2,-285.39
5435.1,2840.1,2595
6826.2,3642.4,3183.8
7771,3700.5,4070.5
6716.7,4584.7,2132
1696.4,3576.7,-1880.3
1453.4,3475.1,-2021.7
2865.5,1483.6,1381.9
6139.8,2504,3635.8
4043,1166.5,2876.6
7715.6,2522,5193.7
3772.4,2524.4,1248
-338.58,310.1,-648.68
-780.01,1813.5,-2593.5
200.52,1430.4,-1229.8
2138,-792.13,2930.1
4542.4,1631.4,2911.1
4155,180.24,3974.8
1612.5,-1046.2,2658.7
-1224.5,-173.62,-1050.9
-917.99,-27.564,-890.42
-1877.4,-1494.6,-382.79
458.02,-1158.1,1616.1
2903.4,-266.84,3170.3
4167.4,31.649,4135.8
1901.1,-1659.4,3560.5
-2947.7,-1749.4,-1198.3
-2063.3,-973.18,-1090.1
-2305.7,-133.16,-2172.5
843.12,-240.47,1083.6
3296.5,-1863.5,5160.1
4275.1,-1226.2,5501.3
1312.1,-434.13,1746.2
1200.4,-35.57,1236
-2280.1,171.34,-2451.5
-2374.3,-1210.2,-1164.1
393.98,-1665.9,2059.9
492.42,-1481.6,1974.1
3595.7,-1861,5456.7
5564.6,1310.3,4254.2
1372.7,1364.6,8.016
1292.4,1187.5,104.89
773.06,1508.2,-735.12
2798.9,1053.9,1744.9
5563.4,1812.4,3751
4579.5,147.93,4431.6
5111.8,427.37,4684.4
2423.8,2341.7,82.071
-812.25,1538.6,-2350.8
-826.64,1072.1,-1898.8
3805.7,3624.2,181.43
4799.4,2849.2,1950.2
9343.6,4774.9,4568.7
6708.4,2234.3,4474.2
5297.1,2596.4,2700.8
5814.6,5307.8,506.82
3527.7,5192.5,-1664.8
2999.3,3417.6,-418.28
6591.1,4356,2235.1
6844.3,3131.4,3712.9
8840.3,4863,3977.3
8311.7,4839.8,3471.9
4526.8,5037.9,-511.12
3988.2,5500.2,-1512
3379.1,5242.8,-1863.7
4147.1,3030,1117.1
8327.9,3016,5311.9
8244.7,4278.4,3966.3
4729.8,3471.6,1258.2
2537.1,3072.1,-534.99
-218.1,2218.8,-2436.9
997.31,2457.6,-1460.3
6654.9,4575.1,2079.7
7833.5,2498.7,5334.8
8401.5,2725.4,5676.1
3550.5,2079.6,1470.9
4146.8,2681.3,1465.5
-508.82,1817.2,-2326
3344.7,2817,527.69
1385.2,635,750.22
4456.3,1616,2840.3
6703.2,890.52,5812.6
3242.9,-834.94,4077.9
2688.9,798.44,1890.5
-1208.7,-592.82,-615.91
-1424.6,-1410.2,-14.422
1436.8,-546.81,1983.6
2836.1,-108.32,2944.4
3406.4,-1.9998,3408.4
4346.2,-25.042,4371.2
168.63,-1367.4,1536.1
-2565.7,-1258.9,-1306.8
-933.81,-964.85,31.047
1112.2,-757.63,1869.8
-91.197,-1743,1651.8
1865.7,-1930.7,3796.4
407.19,-2026.1,2433.3
789.43,-1568,2357.5
-2100.1,-901.63,-1198.4
-2046.9,-868.52,-1178.3
-1971.6,-1662.7,-308.92
3336.7,-790.2,4126.9
4837.7,140.44,4697.3
2786.4,-1685.8,4472.2
1722.3,-1130.3,2852.6
-2539,-1664.9,-874.07
-1933.7,831.13,-2764.8
2008,1067,941.01
3059.8,125,2934.8
5449,166.29,5282.7
7154.2,2457.8,4696.4
4163.6,1415.1,2748.5
928.82,88.466,840.36
1667.7,2904.2,-1236.5
1383.6,2387.2,-1003.5
6922.4,3463.5,3458.9
6683.2,3476.5,3206.7
5396.3,1715.7,3680.6
6341.5,2826.9,3514.5
5584.9,4801,783.86
1255.6,3616.7,-2361.1
3501.2,3459.2,42.015
6055.8,4118,1937.7
10790,5530.2,5259.8
8516.5,4076.2,4440.3
8234.6,5429.1,2805.5
3919.4,3344.9,574.5
3317.4,3256.5,60.976
2598.8,4039.6,-1440.8
3702.2,3215.2,487.09
8484.6,4604.1,3880.5
11039,5814.5,5224.3
5630.3,3683.5,1946.8
3283,2976.8,306.16
561.95,3046,-2484.1
1218.5,2946.9,-1728.3
4583.6,3900.7,682.82
5801.6,3498.9,2302.7
5853.6,2676.4,3177.2
7014.6,3675.9,3338.7
2197.6,1783.1,414.56
-60.047,1909.4,-1969.4
1352.5,2656,-1303.6
680.16,1668.3,-988.19
5892.8,1904.5,3988.3
4618.3,1059.8,3558.5
3396.4,-157.53,3553.9
2839.3,696.55,2142.8
-36.208,729.72,-765.93
-2792.9,-664.45,-2128.4
1430.6,526.13,904.47
5344.7,1329.7,4015
1695.4,-1525.8,3221.2
1494.4,-1086.9,2581.3
969.72,-625.58,1595.3
-2945.3,-1051.7,-1893.6
-2347.6,266.52,-2614.2
-1977.9,-526.87,-1451
895.05,-589.49,1484.5
2391.2,-973.85,3365
1679.3,-2847.8,4527
827.84,-1065.2,1893
-1656.6,-2044,387.39
-2791.8,-2679.6,-112.19
-2474.9,-2696.7,221.76
480.51,-163.86,644.37
3136.1,-2017.3,5153.4
2760.8,-1171.4,3932.1
2120.1,-1348.8,3468.9
-666.77,-1557,890.23
-3330,-1372.5,-1957.5
696.07,142,554.07
944.73,-1563.8,2508.5
5082.8,870.11,4212.7
3461.9,-367.91,3829.8
4815.3,1535.8,3279.5
2587,742.33,1844.7
-1560,266.14,-1826.2
-1297.5,508.45,-1806
710.98,1072.2,-361.21
8187.5,3397,4790.5
6131.8,1255.8,4876
7625.7,3511.5,4114.2
5246.8,3754.8,1492
2193.5,3060.3,-866.77
1547.2,3709.1,-2161.9
4836.2,3047.3,1788.9
7011.3,3097.5,3913.8
9713.5,4763.9,4949.6
6699.7,2807.9,3891.8
5529.6,3283.2,2246.4
3951.9,4105.6,-153.69
3341.9,4022.9,-681.03
5377.2,5258.7,118.42
8835.6,4403,4432.6
10207,5389.7,4816.8
6443.2,3066.4,3376.8
6513.8,5955.2,558.55
2405.3,3746.7,-1341.3
2932.6,5115,-2182.5
4171.2,2805.8,1365.4
8945.3,5176.9,3768.5
10449,4637,5812
7957.3,2557.1,5400.2
7648.6,4630.4,3018.2
2726.9,4278.4,-1551.5
-962.96,1592.4,-2555.3
3481.9,3315,166.89
6064.6,2972.6,3092
4358.8,1438.8,2920
5296.6,1836.8,3459.7
3857.6,3051.2,806.35
300.44,1341.5,-1041
-2209.7,17.656,-2227.4
2106.9,1448,658.9
3493.9,2049.5,1444.4
2801.8,174.08,2627.7
4142.4,-674.47,4816.9
4619.1,1029.9,3589.2
-162.54,996.45,-1159
-3804.3,-899.9,-2904.4
-1221,20.508,-1241.5
-949.33,-2143.8,1194.5
1605.4,-1925.2,3530.6
1926.2,-2419.1,4345.3
117.1,-2767.9,2885
-775.92,-1361.9,585.97
-3430.4,-2191.3,-1239.1
-3931.3,-2894,-1037.3
1166.1,-748.47,1914.6
1535.9,-1347.6,2883.5
4372.8,-275.74,4648.6
2372.9,-1160.4,3533.3
86.243,163.8,-77.555
-1381,-358.26,-1022.7
-1715.7,381.94,-2097.6
763.16,-77.821,840.98
608.88,-1311.7,1920.6
3941.4,-1629.2,5570.6
3120.2,393.41,2726.8
1416.7,1009.3,407.36
-2068.3,-714.89,-1353.5
-1972.8,39.245,-2012.1
1912.7,832.01,1080.7
4098,1760.5,2337.5
4973.8,1719.7,3254.1
5154.5,376.89,4777.6
4241.3,3407.8,833.44
1744.7,2493.6,-748.93
-78.124,2763.1,-2841.2
3388,3031.3,356.63
5540.7,3351.2,2189.5
5942.2,2191.3,3750.9
5680.9,2107.1,3573.8
6701.6,3445,3256.6
2619.4,3204.1,-584.67
1616.6,4614.8,-2998.1
5982,5640.6,341.47
5393.8,3538.8,1855.1
7928.6,5186.4,2742.2
9617.8,4951.2,4666.7
6754.5,4597.7,2156.7
5793.1,5701.5,91.614
3852.9,4985.2,-1132.3
3809.5,4572.6,-763.1
3564.8,3142.3,422.51
7499.8,2864.3,4635.6
10646,5542.1,5103.9
7133.7,4717.7,2416
3832.1,5028.8,-1196.6
4776.8,4857.5,-80.697
4602.8,4350.4,252.45
5723.6,3351.3,2372.3
6120.1,2535.6,3584.4
7719.6,2100.2,5619.4
6525.3,2419.5,4105.9
1698.8,751.23,947.55
428.51,1722.9,-1294.4
-45.109,2321.4,-2366.5
1709,1116.6,592.42
4074,1417.2,2656.7
6678,1098.2,5579.8
5754.8,1989.4,3765.4
1188.4,-382.04,1570.4
-3523.5,-1334.5,-2189
991.67,909.26,82.405
1066.6,736.05,330.55
2470.8,-1019.3,3490.1
3501.1,-1877.3,5378.4
2223.8,-1984.1,4208
-2391.4,-2149.7,-241.79
-1924.6,-975.12,-949.48
-240.35,-304.57,64.219
-4010.6,-2799.5,-1211.2
235.41,-1208.3,1443.7
971.69,-2255.7,3227.4
1872.7,-2337.4,4210.1
-492.15,-774.83,282.68
-3302.5,-2352,-950.5
-4399,-2495.7,-1903.2
-827.82,-1347.5,519.72
60.924,-1992.1,2053
2475.8,-1300.8,3776.6
2956.1,-1687.5,4643.7
2896.8,619.25,2277.5
-2401.4,-1184.7,-1216.7
-1840.1,35.159,-1875.2
-2125.3,-851.17,-1274.1
1623.1,255.93,1367.1
6831.1,1646.7,5184.4
4932,871.55,4060.4
5245.9,2372.3,2873.6
1951.2,1985.3,-34.101
1773.8,1941.9,-168.07
961.51,2133.3,-1171.8
3419.4,2128,1291.3
8232.7,3555.1,4677.6
8794.8,3301.7,5493.1
3501.9,2173.1,1328.8
6101.5,4843.7,1257.8
3043.4,3529.7,-486.22
2996.3,3787.8,-791.5
5852,4728.1,1123.8
8614.1,4613.3,4000.7
8877.1,4896.4,3980.6
7430.2,3494.2,3936
3416.3,4058.5,-642.16
2568.7,4003.7,-1435
5178.8,5520.5,-341.69
7240.7,5923.9,1316.9
5738,3821.1,1916.9
8903,5851.5,3051.5
7940.3,4655.6,3284.8
3415.2,3308.9,106.31
2500.5,4012.7,-1512.2
1378.5,2846.5,-1468
3650.9,4403.4,-752.44
7079.6,4387.7,2691.8
7447.6,3342,4105.6
6824.2,3725.5,3098.7
6168.8,3588.8,2580
832.43,1818.9,-986.43
-1031.4,1337.1,-2368.5
1683.4,2085.2,-401.77
7111.3,3362.8,3748.4
7480.4,2725.3,4755.1
4347.5,-82.762,4430.3
4425.2,2365.7,2059.5
535.28,1922,-1386.7
-751.26,-389.36,-361.91
45.163,1658.9,-1613.7
1223.7,-772.49,1996.2
4663.2,108.87,4554.3
4982.8,-435.26,5418
1258.2,-709.25,1967.5
-2250.6,-1636.7,-613.9
-3381.8,-2346.9,-1034.9
-1819.2,-2172,352.89
866.25,-798.17,1664.4
3207.1,-765.23,3972.3
4360.8,-374.36,4735.2
993.65,-2178,3171.7
-2602.4,-2932.6,330.13
-1933.1,-1311.5,-621.68
-4462.5,-2348.3,-2114.2
326.61,-117.78,444.39
562.8,-1961,2523.8
1416.8,-1982.4,3399.2
2853.8,-974.22,3828
-1149.2,-1597.4,448.2
-4509.1,-2133.1,-2376
1308.9,951.23,357.62
2321.3,939.03,1382.2
5994.8,1356.8,4638
5198.2,1262.7,3935.5
2489.3,133.3,2356
766.88,-470.59,1237.5
529.28,1735.6,-1206.3
65.213,1865.9,-1800.7
863,1406.2,-543.2
3130.7,811.88,2318.8
6932.8,1581.8,5351
6495.2,2973.7,3521.5
3466.6,2708.7,757.94
1386.5,3654.3,-2267.8
2713.7,3634.9,-921.23
1502.3,2120,-617.63
8393.8,5109.2,3284.7
6377.4,2858.3,3519.2
7590.2,3865.4,3724.8
5211.4,4313.5,897.93
2966,4723.7,-1757.8
2681.5,5291.2,-2609.7
4365.8,5257.8,-892.02
7686.1,3866.6,3819.5
8595.4,3539.4,5056.1
8008.1,5519.6,2488.5
7634.6,4925.8,2708.8
3341.7,4728.6,-1386.9
3925.1,4253.8,-328.68
5380,4547.7,832.24
5618.5,3715.4,1903.1
8722.5,5024.2,3698.3
6826.2,3689.1,3137
5258.8,3434.6,1824.2
1823.7,2741.4,-917.73
2734.6,3269.4,-534.76
1937,3087.7,-1150.7
4548.7,1534.8,3013.9
6160.9,2998.6,3162.3
5052.3,1160.4,3891.9
3186.3,1119.1,2067.2
2337.1,2094.2,242.93
-1303.8,287.91,-1591.7
-1444.6,702.23,-2146.8
999.85,-215.16,1215
3307.8,-689.39,3997.2
4215.6,1078.4,3137.2
1399.5,-622.84,2022.4
749.36,-397.54,1146.9
-2835.5,-1853.1,-982.39
-2074.8,-2004.5,-70.325
-1721.2,-1474.8,-246.36
496.71,-1638.6,2135.3
2485.7,-1700.2,4185.9
1481.7,-860.51,2342.2
-685.55,-1645,959.47
-737.62,-466.75,-270.87
-813.64,-371.4,-442.24
746.5,-1349.5,2096
1418.7,-1962.4,3381.1
3310.9,-1302,4612.9
1915.8,-2101.3,4017.1
538.1,-1649.3,2187.4
-2095.7,-80.455,-2015.2
-626.92,113.67,-740.58
-2584.2,-2090.3,-493.93
2796.8,712.32,2084.4
3399.9,-1867.9,5267.7
2423.5,-1450.2,3873.7
786.9,814.27,-27.375
454.06,-75.074,529.14
-608.72,-301.22,-307.5
3056.3,1851.7,1204.6
4815.4,2195.4,2620
6678,2220.9,4457
3841.2,1229.5,2611.7
5963.4,3368.9,2594.5
1917.1,1718,199.06
1463.8,2705.2,-1241.4
1308,1938.1,-630.16
5533.1,3285.1,2248
7017,2710.2,4306.8
8146,4095.7,4050.3
3550.4,2399.3,1151.2
2818.4,2640.8,177.57
2113.5,3084.7,-971.27
3458,3248.6,209.37
4568,3257,1311.1
8651.2,3696.6,4954.6
7242.5,3494,3748.5
5006.2,3092.1,1914.1
2568.5,3212.9,-644.39
2396.2,3054.5,-658.38
3437.9,4787.8,-1349.8
4774.4,3695.3,1079.1
8542.8,4200.6,4342.3
6249.4,3203,3046.5
6861.4,4969.6,1891.8
2590.1,2432.4,157.75
1516.2,3731.1,-2214.9
4489.5,4742.2,-252.74
5566.2,4013.6,1552.6
8442.8,3872.1,4570.7
5997.9,2380.2,3617.7
6995.2,3912.5,3082.7
3274.9,1818.2,1456.7
700.69,3097.5,-2396.8
1015.9,2400.7,-1384.7
1896,1180.8,715.27
5011.6,1174.7,3836.9
6146.7,361.04,5785.6
1954.3,-575.48,2529.8
974.51,1176.6,-202.07
-709.34,-11.72,-697.62
-3378.2,-1248.1,-2130.1
105.89,-446.06,551.94
4067.9,605.88,3462
3355.1,-986.94,4342
3798.6,-503.36,4302
1207.8,-1242.7,2450.4
-2126.8,-2401.7,274.89
-2622.2,-1802.8,-819.35
-2713,-2032.1,-680.94
-995.82,-2959.9,1964.1
902.18,-2498.5,3400.6
3977.9,-370.94,4348.9
1985.9,-759.41,2745.3
-4438.6,-2698.7,-1739.9
-4144.9,-2378.6,-1766.3
198.93,99.75,99.18
3058.1,54.982,3003.1
2783.8,-1459.6,4243.4
2004.7,-868.11,2872.8
2202.1,91.51,2110.6
54.887,-562.53,617.41
-26.9,-9.559,-17.341
1937.7,1478.3,459.39
885.42,378.57,506.85
6409.5,1603.9,4805.6
6676.5,1632.9,5043.6
3597.8,179.87,3418
1569.6,2362.3,-792.7
-1653.6,310.68,-1964.3
2163.4,2719.9,-556.52
5174.3,2301.8,2872.5
5731.3,2104.3,3627
8061.2,3614.5,4446.7
8130.5,3715.6,4415
4400.2,3155.6,1244.6
4615.4,4508.4,107.05
2729.5,4689.2,-1959.7
4518.8,4867.3,-348.54
6555,4078.2,2476.9
8356.3,3199.5,5156.8
8722.9,4569.8,4153.1
6889.7,5629.4,1260.2
2162,3829.6,-1667.6
3273.6,4055.7,-782.09
3304.4,3988.3,-683.95
9460.8,5159.4,4301.4
8323,5026.1,3296.9
8647.5,3694.2,4953.2
6205.8,5360.9,844.87
809.08,2892.4,-2083.3
755.28,2695.1,-1939.8
6737.8,5226.5,1511.3
7717.6,4008,3709.7
7743.3,4235.4,3507.9
5026.3,2136,2890.2
5173.5,2401.4,2772.2
1270.3,1208.8,61.532
2034.7,2621.5,-586.82
2549.2,3437.4,-888.2
3322.2,1729,1593.2
5920.6,1159.4,4761.3
4287.4,1368.3,2919.2
1810.3,-184.05,1994.3
1639.9,1562.5,77.377
-2361.9,165.83,-2527.7
-1545,-817.45,-727.59
2710.9,-356.23,3067.1
4463.6,-930.95,5394.6
2169.1,-1072.3,3241.4
927.37,-2139.5,3066.9
-1646.5,-1642.3,-4.177
-3558.3,-1137.1,-2421.2
-2307.7,-2241.8,-65.905
-494.99,-1654.8,1159.8
2847.2,-1517.6,4364.8
2232.4,-1362.6,3595
1352.8,-1330.6,2683.4
-1065.5,-2002.8,937.33
-3404.3,-2343.6,-1060.7
-4148.7,-2503.2,-1645.5
628.87,-1205.1,1834
1410,-1810.8,3220.9
2604.6,-721.23,3325.8
3358.4,-169.76,3528.1
1910,49.557,1860.5
-438.42,-152.39,-286.03
-3314.9,-1152,-2162.9
1334.4,-218.49,1552.9
4054.7,109.97,3944.8
4679.2,148.12,4531
2568.8,-609.31,3178.1
799.92,258.44,541.48
1979.6,2103.8,-124.23
-1489.9,529.87,-2019.8
620.84,631.46,-10.612
5259,1932.7,3326.3
6641.5,1780.3,4861.2
6946.9,3438.5,3508.5
5663.8,3297.5,2366.3
3893.6,3480.6,413.04
2149.6,2596.6,-447
2852,1937.7,914.33
4749,3075.5,1673.6
7707.6,4545.1,3162.4
8063.7,3137.5,4926.3
6694.2,5483.5,1210.7
3301.3,2790.4,510.93
4043.6,5282.8,-1239.2
2081,3513.8,-1432.8
5331.8,3735,1596.8
7584.3,4346.6,3237.6
8611,4743.5,3867.5
7923.1,4748,3175.2
4165.1,5812.9,-1647.7
4048.8,4259.2,-210.42
5498.1,4590.6,907.57
5819.3,4446.7,1372.6
7037,4294.7,2742.3
7573.7,3389.4,4184.3
6826.2,4156.1,2670.1
3338.1,2773.2,564.93
788.98,2765.8,-1976.8
1663.9,3655.2,-1991.3
5518.5,2649.9,2868.5
7623.8,2707.5,4916.2
5818.5,1794.5,4024
4475.6,902.97,3572.6
1574.6,1539.6,34.947
-195.59,1155,-1350.6
-865.77,-117.66,-748.11
1136.7,592.68,544.05
2929.3,361.2,2568.1
3597.8,-1210.8,4808.6
2145,-1310.1,3455
-1074.6,-861.37,-213.26
740.51,953.02,-212.51
-2665.3,-376.44,-2288.8
1929.2,-142.94,2072.2
1328.3,-1739.2,3067.6
2799.2,-1100.2,3899.4
1439.5,-2745,4184.5
-176.06,-427.92,251.86
-3278,-2235.5,-1042.5
-3145.3,-1035.8,-2109.5
-1892.1,-1112.6,-779.58
1569.4,-2500.9,4070.4
2657.7,-662.77,3320.5
1964.2,-1866.7,3831
-342.36,-2056.2,1713.8
-2919.4,-510.95,-2408.5
-3938.7,-1516.3,-2422.4
-2063.2,-785.36,-1277.8
2659.5,-846.46,3505.9
5468.6,460.58,5008
3434.1,-83.042,3517.2
3518.3,1281.2,2237.1
-2689.2,-802.09,-1887.1
1234.7,1747.8,-513.15
-228.93,143.83,-372.76
3614.7,2423.8,1190.9
3134.8,69.245,3065.5
4779.2,1809.6,2969.6
2938.3,474.07,2464.3
-136.9,1135,-1271.9
1823.9,3553.9,-1730
3639.8,3164,475.83
5486.2,3988.7,1497.5
7256.7,3834,3422.7
7644.1,2378.6,5265.6
5770.8,4171,1599.8
4155.2,3750.1,405.16
4052.5,5292.9,-1240.3
4776.5,5313.1,-536.6
5968.6,4897.7,1070.9
7628,4801.5,2826.5
7021.7,3710,3311.7
8958.4,5093.9,3864.4
5414.1,5206.7,207.42
3088.2,5281.1,-2192.9
4013.2,4137.4,-124.21
4865.3,3077.2,1788.1
7523.1,4902.7,2620.4
7283.8,3875.5,3408.3
8734.8,5058.3,3676.5
4246.5,3124.5,1122.1
4266.1,5094.5,-828.38
2624.8,4730.5,-2105.7
4573.6,2748.2,1825.4
7549.3,3859.5,3689.9
9371.4,3575.9,5795.5
6800.4,2839.6,3960.8
1479.1,1209.2,269.88
-1800,645.8,-2445.8
104.44,2813.7,-2709.2
2862.5,1719.7,1142.9
2159.5,-100.63,2260.1
3523.3,122.89,3400.4
4031,1649.1,2381.9
1392.7,-940.42,2333.1
1184.3,1031.2,153.03
-1242.2,997.75,-2240
104.77,-772.46,877.23
2338.1,306.53,2031.6
4038.3,144.78,3893.5
1549.8,-1924,3473.8
-35.089,-527.46,492.38
-2636.6,-754.91,-1881.7
-1374.3,129.12,-1503.4
-2338.2,-1768.6,-569.69
1292.1,-779.73,2071.8
1837.1,-2768.5,4605.6
1899.4,-2772.4,4671.8
1215.8,-1364.3,2580
-2562.3,-1760.7,-801.56
-2473.5,-1710.1,-763.47
272.63,187.67,84.961
1741.4,-462.98,2204.4
3804.4,-1412.6,5217
4158.2,-1545.3,5703.5
3807.9,184.27,3623.6
244.37,784.28,-539.91
-1568.9,-601.74,-967.19
-732.82,-1177.7,444.92
2632.5,516.27,2116.2
5719.8,373.95,5345.8
4504.8,71.072,4433.8
3326.1,1111.4,2214.7
2381.9,1456.6,925.26
2165.7,2049.8,115.85
-494.96,1378.7,-1873.6
3337,2415.6,921.45
5199.2,2623.9,2575.3
6498.9,2759,3739.9
6221.2,3314.6,2906.6
3208.3,2977.6,230.68
4836.9,4784.2,52.685
2913.2,4251.1,-1337.9
4149.7,3276.1,873.65
8750,5451,3298.9
8172.3,2745.1,5427.2
7914.8,3473.9,4440.9
5322.7,5380.9,-58.118
4596.2,5292.5,-696.28
3374.6,3899.2,-524.55
5374,5594.1,-220.16
8042.8,5763.5,2279.3
9542,5191.4,4350.5
7600.8,4193.4,3407.4
5809.6,4398.4,1411.2
4262.5,5275.4,-1012.9
3261.8,5438.4,-2176.6
3124.3,4126.4,-1002.1
5834.8,3912.3,1922.6
8500.4,4595.7,3904.7
7377.5,4096.9,3280.6
3433.8,3021.7,412.12
2169.8,2882.7,-712.91
2609.4,2888.8,-279.39
1910.9,1692.4,218.49
2595.7,1407.9,1187.8
4079.8,585.43,3494.4
7123.5,2039.1,5084.4
3604.5,683.89,2920.7
1819,1118.3,700.78
-1137.2,-951.76,-185.49
-2295.5,-818.17,-1477.4
3365.6,1406.4,1959.3
3811.7,436.29,3375.4
4876.1,797.71,4078.4
1854.8,29.423,1825.4
-1218.1,-848.03,-370.05
-3048.3,-595.23,-2453.1
-3504.4,-1196.8,-2307.5
-323.39,-1536.4,1213.1
1099.5,-2045.7,3145.1
3197.2,-283.22,3480.5
2945.8,-266.04,3211.8
-554.84,-1626.4,1071.6
-2417.6,-1732.4,-685.15
-2316.1,-1300.9,-1015.2
62.686,-522.94,585.63
774.46,-2630.8,3405.3
2588.2,-1297.6,3885.9
3593.4,-235.43,3828.8
1761.3,-287.75,2049.1
-2020.9,-191.51,-1829.4
-990.87,305.89,-1296.8
-35.49,-439.24,403.75
1805.4,-892.7,2698.1
5679.2,1486.5,4192.7
5513,805.07,4707.9
3919.4,1405.1,2514.3
-512.38,1990,-2502.4
485.5,1544.6,-1059.1
2447.6,1227.7,1219.9
5508.8,2180,3328.8
5926.5,2635.9,3290.6
5397.8,930.09,4467.8
3694.5,3360.9,333.61
1033.5,1563.9,-530.44
1961.1,2373,-411.93
3267.5,4059.3,-791.81
5042.6,3392.9,1649.7
5234.2,2282.4,2951.8
8151.1,3109.9,5041.2
4277.6,3767.5,510.07
3990.6,4905,-914.4
2665.3,5137.7,-2472.5
3343.5,3637.8,-294.33
5256.2,3075.7,2180.6
